city,parameter
上饶,"['建筑类型', '物业费用', '物业公司', '开发商', '楼栋总数', '房屋总数', '附近门店']"
临沂,"['建筑类型', '物业费用', '物业公司', '开发商', '楼栋总数', '房屋总数', '附近门店']"
丹东,"['建筑类型', '物业费用', '物业公司', '开发商', '楼栋总数', '房屋总数', '附近门店']"
九江,"['建筑类型', '物业费用', '物业公司', '开发商', '楼栋总数', '房屋总数', '附近门店']"
保定,"['建筑类型', '物业费用', '物业公司', '开发商', '楼栋总数', '房屋总数', '附近门店']"
兰州,"['建筑类型', '物业费用', '物业公司', '开发商', '楼栋总数', '房屋总数', '附近门店']"
凉山,"['建筑类型', '物业费用', '物业公司', '开发商', '楼栋总数', '房屋总数', '附近门店']"
北海,"['建筑类型', '物业费用', '物业公司', '开发商', '楼栋总数', '房屋总数', '附近门店']"
南宁,"['建筑类型', '物业费用', '物业公司', '开发商', '楼栋总数', '房屋总数', '附近门店']"
南昌,"['建筑类型', '物业费用', '物业公司', '开发商', '楼栋总数', '房屋总数', '附近门店']"
南通,"['建筑类型', '物业费用', '物业公司', '开发商', '楼栋总数', '房屋总数', '附近门店']"
台州,"['建筑类型', '物业费用', '物业公司', '开发商', '楼栋总数', '房屋总数', '附近门店']"
吉林,"['建筑类型', '物业费用', '物业公司', '开发商', '楼栋总数', '房屋总数', '附近门店']"
呼和浩特,"['建筑类型', '物业费用', '物业公司', '开发商', '楼栋总数', '房屋总数', '附近门店']"
咸阳,"['建筑类型', '物业费用', '物业公司', '开发商', '楼栋总数', '房屋总数', '附近门店']"
哈尔滨,"['建筑类型', '物业费用', '物业公司', '开发商', '楼栋总数', '房屋总数', '附近门店']"
唐山,"['建筑类型', '物业费用', '物业公司', '开发商', '楼栋总数', '房屋总数', '附近门店']"
嘉兴,"['建筑类型', '物业费用', '物业公司', '开发商', '楼栋总数', '房屋总数', '附近门店']"
天津,"['建筑类型', '物业费用', '物业公司', '开发商', '楼栋总数', '房屋总数', '附近门店']"
太原,"['建筑类型', '物业费用', '物业公司', '开发商', '楼栋总数', '房屋总数', '附近门店']"
威海,"['建筑类型', '物业费用', '物业公司', '开发商', '楼栋总数', '房屋总数', '附近门店']"
宁波,"['建筑类型', '物业费用', '物业公司', '开发商', '楼栋总数', '房屋总数', '附近门店']"
安庆,"['建筑类型', '物业费用', '物业公司', '开发商', '楼栋总数', '房屋总数', '附近门店']"
宝鸡,"['建筑类型', '物业费用', '物业公司', '开发商', '楼栋总数', '房屋总数', '附近门店']"
岳阳,"['建筑类型', '物业费用', '物业公司', '开发商', '楼栋总数', '房屋总数', '附近门店']"
常州,"['建筑类型', '物业费用', '物业公司', '开发商', '楼栋总数', '房屋总数', '附近门店']"
常德,"['建筑类型', '物业费用', '物业公司', '开发商', '楼栋总数', '房屋总数', '附近门店']"
开封,"['建筑类型', '物业费用', '物业公司', '开发商', '楼栋总数', '房屋总数', '附近门店']"
张家口,"['建筑类型', '物业费用', '物业公司', '开发商', '楼栋总数', '房屋总数', '附近门店']"
惠州,"['建筑类型', '物业费用', '物业公司', '开发商', '楼栋总数', '房屋总数', '附近门店']"
新乡,"['建筑类型', '物业费用', '物业公司', '开发商', '楼栋总数', '房屋总数', '附近门店']"
无锡,"['建筑类型', '物业费用', '物业公司', '开发商', '楼栋总数', '房屋总数', '附近门店']"
柳州,"['建筑类型', '物业费用', '物业公司', '开发商', '楼栋总数', '房屋总数', '附近门店']"
株洲,"['建筑类型', '物业费用', '物业公司', '开发商', '楼栋总数', '房屋总数', '附近门店']"
桂林,"['建筑类型', '物业费用', '物业公司', '开发商', '楼栋总数', '房屋总数', '附近门店']"
汉中,"['建筑类型', '物业费用', '物业公司', '开发商', '楼栋总数', '房屋总数', '附近门店']"
江门,"['建筑类型', '物业费用', '物业公司', '开发商', '楼栋总数', '房屋总数', '附近门店']"
江阴,"['建筑类型', '物业费用', '物业公司', '开发商', '楼栋总数', '房屋总数', '附近门店']"
泉州,"['建筑类型', '物业费用', '物业公司', '开发商', '楼栋总数', '房屋总数', '附近门店']"
洛阳,"['建筑类型', '物业费用', '物业公司', '开发商', '楼栋总数', '房屋总数', '附近门店']"
海口,"['建筑类型', '物业费用', '物业公司', '开发商', '楼栋总数', '房屋总数', '附近门店']"
淄博,"['建筑类型', '物业费用', '物业公司', '开发商', '楼栋总数', '房屋总数', '附近门店']"
淮安,"['建筑类型', '物业费用', '物业公司', '开发商', '楼栋总数', '房屋总数', '附近门店']"
温州,"['建筑类型', '物业费用', '物业公司', '开发商', '楼栋总数', '房屋总数', '附近门店']"
湖州,"['建筑类型', '物业费用', '物业公司', '开发商', '楼栋总数', '房屋总数', '附近门店']"
湛江,"['建筑类型', '物业费用', '物业公司', '开发商', '楼栋总数', '房屋总数', '附近门店']"
漳州,"['建筑类型', '物业费用', '物业公司', '开发商', '楼栋总数', '房屋总数', '附近门店']"
潍坊,"['建筑类型', '物业费用', '物业公司', '开发商', '楼栋总数', '房屋总数', '附近门店']"
珠海,"['建筑类型', '物业费用', '物业公司', '开发商', '楼栋总数', '房屋总数', '附近门店']"
盐城,"['建筑类型', '物业费用', '物业公司', '开发商', '楼栋总数', '房屋总数', '附近门店']"
石家庄,"['建筑类型', '物业费用', '物业公司', '开发商', '楼栋总数', '房屋总数', '附近门店']"
福州,"['建筑类型', '物业费用', '物业公司', '开发商', '楼栋总数', '房屋总数', '附近门店']"
绍兴,"['建筑类型', '物业费用', '物业公司', '开发商', '楼栋总数', '房屋总数', '附近门店']"
绵阳,"['建筑类型', '物业费用', '物业公司', '开发商', '楼栋总数', '房屋总数', '附近门店']"
芜湖,"['建筑类型', '物业费用', '物业公司', '开发商', '楼栋总数', '房屋总数', '附近门店']"
襄阳,"['建筑类型', '物业费用', '物业公司', '开发商', '楼栋总数', '房屋总数', '附近门店']"
西安,"['建筑类型', '物业费用', '物业公司', '开发商', '楼栋总数', '房屋总数', '附近门店']"
许昌,"['建筑类型', '物业费用', '物业公司', '开发商', '楼栋总数', '房屋总数', '附近门店']"
贵阳,"['建筑类型', '物业费用', '物业公司', '开发商', '楼栋总数', '房屋总数', '附近门店']"
赣州,"['建筑类型', '物业费用', '物业公司', '开发商', '楼栋总数', '房屋总数', '附近门店']"
达州,"['建筑类型', '物业费用', '物业公司', '开发商', '楼栋总数', '房屋总数', '附近门店']"
郑州,"['建筑类型', '物业费用', '物业公司', '开发商', '楼栋总数', '房屋总数', '附近门店']"
金华,"['建筑类型', '物业费用', '物业公司', '开发商', '楼栋总数', '房屋总数', '附近门店']"
银川,"['建筑类型', '物业费用', '物业公司', '开发商', '楼栋总数', '房屋总数', '附近门店']"
镇江,"['建筑类型', '物业费用', '物业公司', '开发商', '楼栋总数', '房屋总数', '附近门店']"
马鞍山,"['建筑类型', '物业费用', '物业公司', '开发商', '楼栋总数', '房屋总数', '附近门店']"
黄石,"['建筑类型', '物业费用', '物业公司', '开发商', '楼栋总数', '房屋总数', '附近门店']"
