小区名称,小区链接
兴宇公寓,https://huzhou.lianjia.com/xiaoqu/8708133147335549/
山水苑,https://huzhou.lianjia.com/xiaoqu/8708133133733093/
银景花园,https://huzhou.lianjia.com/xiaoqu/8708134047515376/
平安小区,https://huzhou.lianjia.com/xiaoqu/8708134257219097/
鑫城绿苑,https://huzhou.lianjia.com/xiaoqu/8708133141045120/
香樟苑,https://huzhou.lianjia.com/xiaoqu/8708133141044326/
华兴苑,https://huzhou.lianjia.com/xiaoqu/8708133141043834/
长兴铁鹰小区,https://huzhou.lianjia.com/xiaoqu/8708133142092712/
康城华府,https://huzhou.lianjia.com/xiaoqu/8708133141045294/
长广小区西区,https://huzhou.lianjia.com/xiaoqu/8708133142095548/
海陆新都汇,https://huzhou.lianjia.com/xiaoqu/8708133154678100/
玫瑰苑,https://huzhou.lianjia.com/xiaoqu/8708128704924612/
洪桥馨苑西区,https://huzhou.lianjia.com/xiaoqu/8708133142092328/
丹桂公寓,https://huzhou.lianjia.com/xiaoqu/8708133141044673/
宜安公寓,https://huzhou.lianjia.com/xiaoqu/8708133141044937/
之江花园,https://huzhou.lianjia.com/xiaoqu/8708128749058654/
凯旋小区,https://huzhou.lianjia.com/xiaoqu/8708134455548540/
七里亭佳苑,https://huzhou.lianjia.com/xiaoqu/8708134363180747/
阳光小区,https://huzhou.lianjia.com/xiaoqu/8708134593952922/
天启铭楼,https://huzhou.lianjia.com/xiaoqu/8708134577166224/
八里店社区桂花苑,https://huzhou.lianjia.com/xiaoqu/8708128725963561/
湖申小区,https://huzhou.lianjia.com/xiaoqu/8708134481614146/
兴龙之城,https://huzhou.lianjia.com/xiaoqu/8708135020799466/
禾旭铭苑,https://huzhou.lianjia.com/xiaoqu/8708121709973343/
织里中心花园,https://huzhou.lianjia.com/xiaoqu/8708134488968632/
金茂广场,https://huzhou.lianjia.com/xiaoqu/87080000000498/
康馨苑,https://huzhou.lianjia.com/xiaoqu/87080000000088/
龙泉花苑,https://huzhou.lianjia.com/xiaoqu/8708145920303759/
明花苑,https://huzhou.lianjia.com/xiaoqu/8708133155727181/
丹桂花苑,https://huzhou.lianjia.com/xiaoqu/8708133500927009/
长广小区东区,https://huzhou.lianjia.com/xiaoqu/8708133143140642/
新塘花园,https://huzhou.lianjia.com/xiaoqu/8708133130589926/
太平洋商贸城,https://huzhou.lianjia.com/xiaoqu/8708137078857249/
八里店街道三合家园社区,https://huzhou.lianjia.com/xiaoqu/8708128776323193/
西湖漾家园,https://huzhou.lianjia.com/xiaoqu/8708134277203192/
玉兰苑,https://huzhou.lianjia.com/xiaoqu/8708128725966594/
万禾欣城,https://huzhou.lianjia.com/xiaoqu/8708133141045233/
太湖别苑,https://huzhou.lianjia.com/xiaoqu/8708142505067964/
紫荆苑,https://huzhou.lianjia.com/xiaoqu/8708128704925964/
康馨苑,https://huzhou.lianjia.com/xiaoqu/87080000000088/
竹贸城住宅楼,https://huzhou.lianjia.com/xiaoqu/8708135055402153/
金世纪大厦,https://huzhou.lianjia.com/xiaoqu/8708135306281616/
古城大厦,https://huzhou.lianjia.com/xiaoqu/8708135057504313/
祥和家园,https://huzhou.lianjia.com/xiaoqu/8708133984600593/
滨湖锦苑小区,https://huzhou.lianjia.com/xiaoqu/8708133133733499/
腾兴永和苑,https://huzhou.lianjia.com/xiaoqu/8708133141043497/
金溪花园,https://huzhou.lianjia.com/xiaoqu/87080000000074/
横港佳苑,https://huzhou.lianjia.com/xiaoqu/8708133142093035/
林城商贸新城,https://huzhou.lianjia.com/xiaoqu/8708132054331942/
长线弄,https://huzhou.lianjia.com/xiaoqu/8708136678307859/
西山社区南区,https://huzhou.lianjia.com/xiaoqu/8708128705998349/
国际竹艺商贸城,https://huzhou.lianjia.com/xiaoqu/8708140484317261/
物产公寓,https://huzhou.lianjia.com/xiaoqu/8708141014028501/
经贸小区,https://huzhou.lianjia.com/xiaoqu/8708133142094893/
凤祥名城,https://huzhou.lianjia.com/xiaoqu/8708131873906223/
馨苑小区,https://huzhou.lianjia.com/xiaoqu/8708133142092581/
百盛国际大厦,https://huzhou.lianjia.com/xiaoqu/8708135099433190/
双河小区,https://huzhou.lianjia.com/xiaoqu/8708135208677155/
东方景苑,https://huzhou.lianjia.com/xiaoqu/8708136110785405/
海兴路377号,https://huzhou.lianjia.com/xiaoqu/87080000000166/
林城商贸新城水榭苑,https://huzhou.lianjia.com/xiaoqu/87080000000170/
利铭花园,https://huzhou.lianjia.com/xiaoqu/8708150545175431/
金象和庄,https://huzhou.lianjia.com/xiaoqu/8708151785973858/
织里中心花园,https://huzhou.lianjia.com/xiaoqu/8708134488968632/
华龙花苑,https://huzhou.lianjia.com/xiaoqu/8708128699685111/
鑫和花苑,https://huzhou.lianjia.com/xiaoqu/87080000000163/
天星苑,https://huzhou.lianjia.com/xiaoqu/8708134421982680/
都市人家,https://huzhou.lianjia.com/xiaoqu/8708135197139923/
银杏景苑,https://huzhou.lianjia.com/xiaoqu/8708132651273005/
泥桥湾小区,https://huzhou.lianjia.com/xiaoqu/87080000000388/
府前小区,https://huzhou.lianjia.com/xiaoqu/8708134445058856/
利民路,https://huzhou.lianjia.com/xiaoqu/8708134423036276/
永兴苑,https://huzhou.lianjia.com/xiaoqu/8708133141043735/
太湖中路85号,https://huzhou.lianjia.com/xiaoqu/87080000001028/
年丰花苑,https://huzhou.lianjia.com/xiaoqu/8708128752205720/
巨赢花园,https://huzhou.lianjia.com/xiaoqu/8708128731205632/
海棠苑小区,https://huzhou.lianjia.com/xiaoqu/8708128708120025/
长广金水苑,https://huzhou.lianjia.com/xiaoqu/8708133133733385/
禾旭华府,https://huzhou.lianjia.com/xiaoqu/8708121709975758/
博凯・金象广场,https://huzhou.lianjia.com/xiaoqu/8708128758500462/
长广金和嘉园金溪苑,https://huzhou.lianjia.com/xiaoqu/87080000000131/
牡丹苑,https://huzhou.lianjia.com/xiaoqu/8708128704954118/
直港巷新村,https://huzhou.lianjia.com/xiaoqu/8708145744097264/
联谊新村,https://huzhou.lianjia.com/xiaoqu/8708128749059883/
浔东新村,https://huzhou.lianjia.com/xiaoqu/8708128707045654/
孝丰商业街,https://huzhou.lianjia.com/xiaoqu/87080000000126/
丁家港新村,https://huzhou.lianjia.com/xiaoqu/8708128758499207/
长和庄园,https://huzhou.lianjia.com/xiaoqu/8708144525383379/
寸池潭小区,https://huzhou.lianjia.com/xiaoqu/8708145091734277/
恒丰苑,https://huzhou.lianjia.com/xiaoqu/8708133133733542/
织里中心花园,https://huzhou.lianjia.com/xiaoqu/8708134488968632/
巨赢花园,https://huzhou.lianjia.com/xiaoqu/8708128731205632/
泥桥湾小区,https://huzhou.lianjia.com/xiaoqu/87080000000388/
太湖中路85号,https://huzhou.lianjia.com/xiaoqu/87080000001028/
商城新村,https://huzhou.lianjia.com/xiaoqu/8708152004115498/
长城・景月湾,https://huzhou.lianjia.com/xiaoqu/87080000004245/
永达苑小区,https://huzhou.lianjia.com/xiaoqu/87080000005580/
西安路,https://huzhou.lianjia.com/xiaoqu/87080000006895/
和睦苑,https://huzhou.lianjia.com/xiaoqu/8708133692847664/
老北郊路10号,https://huzhou.lianjia.com/xiaoqu/87080000009214/
凤凰路商住楼,https://huzhou.lianjia.com/xiaoqu/87080000003627/
长兴泗安振兴大道,https://huzhou.lianjia.com/xiaoqu/87080000001479/
白茶市场三区,https://huzhou.lianjia.com/xiaoqu/87080000010234/
华龙花苑,https://huzhou.lianjia.com/xiaoqu/8708128699685111/
利铭花园,https://huzhou.lianjia.com/xiaoqu/8708150545175431/
金象和庄,https://huzhou.lianjia.com/xiaoqu/8708151785973858/
牡丹苑,https://huzhou.lianjia.com/xiaoqu/8708128704954118/
长广金和嘉园金溪苑,https://huzhou.lianjia.com/xiaoqu/87080000000131/
直港巷新村,https://huzhou.lianjia.com/xiaoqu/8708145744097264/
博凯・金象广场,https://huzhou.lianjia.com/xiaoqu/8708128758500462/
寸池潭小区,https://huzhou.lianjia.com/xiaoqu/8708145091734277/
鑫和花苑,https://huzhou.lianjia.com/xiaoqu/87080000000163/
兴业公寓,https://huzhou.lianjia.com/xiaoqu/87080000003313/
新都泰和府,https://huzhou.lianjia.com/xiaoqu/87080000005038/
钻石华府,https://huzhou.lianjia.com/xiaoqu/87080000002703/
祥生臻院,https://huzhou.lianjia.com/xiaoqu/8708144429868100/
金色雅苑,https://huzhou.lianjia.com/xiaoqu/87080000001727/
南湖花园安吉县,https://huzhou.lianjia.com/xiaoqu/87080000004449/
金福景苑,https://huzhou.lianjia.com/xiaoqu/8708144453978972/
长广金桂苑,https://huzhou.lianjia.com/xiaoqu/8708133133733468/
和睦苑,https://huzhou.lianjia.com/xiaoqu/8708133692847664/
南湖花园安吉县,https://huzhou.lianjia.com/xiaoqu/87080000004449/
长城・景月湾,https://huzhou.lianjia.com/xiaoqu/87080000004245/
钻石华府,https://huzhou.lianjia.com/xiaoqu/87080000002703/
西安路,https://huzhou.lianjia.com/xiaoqu/87080000006895/
商城新村,https://huzhou.lianjia.com/xiaoqu/8708152004115498/
杭铁小区,https://huzhou.lianjia.com/xiaoqu/8708133142095732/
恒丰苑,https://huzhou.lianjia.com/xiaoqu/8708133133733542/
林城商贸新城紫竹苑,https://huzhou.lianjia.com/xiaoqu/8708140732945417/
鼎城大厦,https://huzhou.lianjia.com/xiaoqu/8708135070088581/
碧桂园滨湖城,https://huzhou.lianjia.com/xiaoqu/8708134317003880/
滨河家园,https://huzhou.lianjia.com/xiaoqu/8708133130588124/
恒泰阳光苑,https://huzhou.lianjia.com/xiaoqu/8708128616755138/
水木花都绿洲苑,https://huzhou.lianjia.com/xiaoqu/8708133998231824/
御湖天誉,https://huzhou.lianjia.com/xiaoqu/8708134186963885/
丽湖中央大厦,https://huzhou.lianjia.com/xiaoqu/8708135344015381/
太湖丽景,https://huzhou.lianjia.com/xiaoqu/8708134145084273/
国际金座,https://huzhou.lianjia.com/xiaoqu/8708133118006568/
东白溪公寓,https://huzhou.lianjia.com/xiaoqu/8708133129540875/
时代广场,https://huzhou.lianjia.com/xiaoqu/8708133147335709/
佳源・都市景苑,https://huzhou.lianjia.com/xiaoqu/8708130746110227/
长安小区,https://huzhou.lianjia.com/xiaoqu/8708133147336630/
绿城玉兰花园,https://huzhou.lianjia.com/xiaoqu/8708133153627152/
耀圣通宝城,https://huzhou.lianjia.com/xiaoqu/8708133154676071/
龙山公馆,https://huzhou.lianjia.com/xiaoqu/8708135436364276/
翡翠名都,https://huzhou.lianjia.com/xiaoqu/8708133130586169/
东润名邸,https://huzhou.lianjia.com/xiaoqu/8708134461694261/
湖东铁路新村,https://huzhou.lianjia.com/xiaoqu/8708128690150584/
新世界庄园,https://huzhou.lianjia.com/xiaoqu/8708133133733762/
繁花郡,https://huzhou.lianjia.com/xiaoqu/8708134473369366/
星龙湾,https://huzhou.lianjia.com/xiaoqu/8708133133732019/
陆汇嘉园,https://huzhou.lianjia.com/xiaoqu/8708133147335655/
水木花都天水苑,https://huzhou.lianjia.com/xiaoqu/8708133969905191/
朱渡桥公寓,https://huzhou.lianjia.com/xiaoqu/8708133130588853/
秋芦南苑,https://huzhou.lianjia.com/xiaoqu/8708133877561754/
清溪家园,https://huzhou.lianjia.com/xiaoqu/8708133130586244/
李家斗小区,https://huzhou.lianjia.com/xiaoqu/8708133148385469/
西鱼巷小区,https://huzhou.lianjia.com/xiaoqu/8708133152579074/
城北二区,https://huzhou.lianjia.com/xiaoqu/8708133154675210/
大成小区,https://huzhou.lianjia.com/xiaoqu/8708133152581490/
白溪景苑,https://huzhou.lianjia.com/xiaoqu/8708133129540270/
金宇花园南区,https://huzhou.lianjia.com/xiaoqu/8708133154676151/
长兴职教中心教师生活区8幢,https://huzhou.lianjia.com/xiaoqu/8708133154678578/
紫金南苑,https://huzhou.lianjia.com/xiaoqu/8708133144189928/
锦绣花苑,https://huzhou.lianjia.com/xiaoqu/8708133144190168/
海兴花园,https://huzhou.lianjia.com/xiaoqu/8708133144189145/
五峰花园,https://huzhou.lianjia.com/xiaoqu/8708133148384043/
三狮苑,https://huzhou.lianjia.com/xiaoqu/8708133147335763/
凤凰小区,https://huzhou.lianjia.com/xiaoqu/8708133148384354/
和美社区,https://huzhou.lianjia.com/xiaoqu/8708133152579641/
晨苑公寓,https://huzhou.lianjia.com/xiaoqu/8708133150481021/
东方雅苑,https://huzhou.lianjia.com/xiaoqu/8708133869172230/
名都阳光城,https://huzhou.lianjia.com/xiaoqu/8708133866029568/
丽景湾,https://huzhou.lianjia.com/xiaoqu/8708133891249748/
竹海御景城,https://huzhou.lianjia.com/xiaoqu/8708133960450150/
天平花园,https://huzhou.lianjia.com/xiaoqu/8708133969919070/
水木花都紫霞苑,https://huzhou.lianjia.com/xiaoqu/8708133996136540/
水木花都玉兰苑,https://huzhou.lianjia.com/xiaoqu/8708133995077496/
紫金桥新村,https://huzhou.lianjia.com/xiaoqu/8708134039119910/
杨家庄佳园,https://huzhou.lianjia.com/xiaoqu/8708134073730486/
浒溪佳苑三区,https://huzhou.lianjia.com/xiaoqu/8708134122009584/
桃园新村一区,https://huzhou.lianjia.com/xiaoqu/8708134205892930/
富康花园,https://huzhou.lianjia.com/xiaoqu/8708134203756776/
红丰路655号商住楼,https://huzhou.lianjia.com/xiaoqu/8708128656599834/
南园小区二期,https://huzhou.lianjia.com/xiaoqu/8708128583200636/
南太湖西苑,https://huzhou.lianjia.com/xiaoqu/8708128762686782/
金海岸小区,https://huzhou.lianjia.com/xiaoqu/8708134438625670/
东港花园,https://huzhou.lianjia.com/xiaoqu/8708128762685480/
景富花园,https://huzhou.lianjia.com/xiaoqu/8708134426043513/
南园小区二期,https://huzhou.lianjia.com/xiaoqu/8708128583200636/
南太湖西苑,https://huzhou.lianjia.com/xiaoqu/8708128762686782/
红丰路655号商住楼,https://huzhou.lianjia.com/xiaoqu/8708128656599834/
兴龙之城北苑,https://huzhou.lianjia.com/xiaoqu/8708134968376074/
菜场弄,https://huzhou.lianjia.com/xiaoqu/8708135072187953/
杨家庄佳园,https://huzhou.lianjia.com/xiaoqu/8708134073730486/
富康花园,https://huzhou.lianjia.com/xiaoqu/8708134203756776/
桃园新村一区,https://huzhou.lianjia.com/xiaoqu/8708134205892930/
水木花都紫霞苑,https://huzhou.lianjia.com/xiaoqu/8708133996136540/
水木花都玉兰苑,https://huzhou.lianjia.com/xiaoqu/8708133995077496/
紫金桥新村,https://huzhou.lianjia.com/xiaoqu/8708134039119910/
竹景园西区,https://huzhou.lianjia.com/xiaoqu/8708135275850843/
通凌路,https://huzhou.lianjia.com/xiaoqu/8708135395466047/
红门馆服装城,https://huzhou.lianjia.com/xiaoqu/8708135385973609/
金陵北路110号,https://huzhou.lianjia.com/xiaoqu/8708135387005783/
南林嘉园,https://huzhou.lianjia.com/xiaoqu/8708129791569722/
浔溪秀城,https://huzhou.lianjia.com/xiaoqu/8708128710239753/
赵湾仁皇佳苑,https://huzhou.lianjia.com/xiaoqu/8708128610466742/
嘉世名居,https://huzhou.lianjia.com/xiaoqu/8708128752210491/
华芯花园,https://huzhou.lianjia.com/xiaoqu/8708128727015898/
世嘉沁园,https://huzhou.lianjia.com/xiaoqu/8708128755349336/
尹家花苑,https://huzhou.lianjia.com/xiaoqu/8708134320130996/
国际花园（长兴县）,https://huzhou.lianjia.com/xiaoqu/8708133155726284/
荣军小区,https://huzhou.lianjia.com/xiaoqu/8708133153629747/
碧浪湖商务楼,https://huzhou.lianjia.com/xiaoqu/8708134571931542/
世纪广场,https://huzhou.lianjia.com/xiaoqu/8708134498448446/
东方花园,https://huzhou.lianjia.com/xiaoqu/8708128701777399/
星河家园,https://huzhou.lianjia.com/xiaoqu/8708134444971969/
金陵现代城兴仁里小区,https://huzhou.lianjia.com/xiaoqu/8708133129539908/
台苑新村北区,https://huzhou.lianjia.com/xiaoqu/8708133154677813/
城北小区南区,https://huzhou.lianjia.com/xiaoqu/8708133154675899/
蓝天嘉苑,https://huzhou.lianjia.com/xiaoqu/8708133150481698/
金陵现代城兴仁里小区,https://huzhou.lianjia.com/xiaoqu/8708133129539908/
台苑新村北区,https://huzhou.lianjia.com/xiaoqu/8708133154677813/
古城花园,https://huzhou.lianjia.com/xiaoqu/8708133146289237/
光辉小区长广苑,https://huzhou.lianjia.com/xiaoqu/8708133145239302/
金临小区,https://huzhou.lianjia.com/xiaoqu/8708133155724948/
翡翠名都梧桐苑,https://huzhou.lianjia.com/xiaoqu/8708134000331487/
西山社区北区,https://huzhou.lianjia.com/xiaoqu/8708128707052450/
香樟苑,https://huzhou.lianjia.com/xiaoqu/8708135727972488/
尹家花苑,https://huzhou.lianjia.com/xiaoqu/8708134320130996/
国际花园（长兴县）,https://huzhou.lianjia.com/xiaoqu/8708133155726284/
碧浪湖商务楼,https://huzhou.lianjia.com/xiaoqu/8708134571931542/
荣军小区,https://huzhou.lianjia.com/xiaoqu/8708133153629747/
东方花园,https://huzhou.lianjia.com/xiaoqu/8708128701777399/
星河家园,https://huzhou.lianjia.com/xiaoqu/8708134444971969/
世纪广场,https://huzhou.lianjia.com/xiaoqu/8708134498448446/
菜场弄,https://huzhou.lianjia.com/xiaoqu/8708135072187953/
银河大厦D7区,https://huzhou.lianjia.com/xiaoqu/8708135576930749/
温馨花苑,https://huzhou.lianjia.com/xiaoqu/8708133147335507/
浒畔居,https://huzhou.lianjia.com/xiaoqu/87080000000050/
园丁小区,https://huzhou.lianjia.com/xiaoqu/8708133147335327/
桃园新村一区,https://huzhou.lianjia.com/xiaoqu/8708134205892930/
富康花园,https://huzhou.lianjia.com/xiaoqu/8708134203756776/
国际商务大厦,https://huzhou.lianjia.com/xiaoqu/8708140330177783/
桃园新村三区,https://huzhou.lianjia.com/xiaoqu/8708134195406906/
金城小区,https://huzhou.lianjia.com/xiaoqu/8708141290871121/
高阳花园,https://huzhou.lianjia.com/xiaoqu/87080000000044/
上铁江锦云庐,https://huzhou.lianjia.com/xiaoqu/8708126561609998/
太湖西路,https://huzhou.lianjia.com/xiaoqu/8708140306066248/
富田家园,https://huzhou.lianjia.com/xiaoqu/8708128684917143/
吴兴花园,https://huzhou.lianjia.com/xiaoqu/8708134420927789/
利安广场,https://huzhou.lianjia.com/xiaoqu/8708136436042718/
谈家坝,https://huzhou.lianjia.com/xiaoqu/8708134078965887/
南洋公馆,https://huzhou.lianjia.com/xiaoqu/8708121658555179/
增山小区,https://huzhou.lianjia.com/xiaoqu/8708128761644527/
嘉业新村,https://huzhou.lianjia.com/xiaoqu/8708128698634441/
国威商住楼,https://huzhou.lianjia.com/xiaoqu/8708128586346297/
世纪名苑,https://huzhou.lianjia.com/xiaoqu/8708128750105401/
虹阳花园,https://huzhou.lianjia.com/xiaoqu/8708128707021268/
堰四村箬帽兜小区,https://huzhou.lianjia.com/xiaoqu/8708128750111688/
中央豪庭,https://huzhou.lianjia.com/xiaoqu/8708128752199861/
今欢小区,https://huzhou.lianjia.com/xiaoqu/8708133143141123/
凤凰苑,https://huzhou.lianjia.com/xiaoqu/8708128567472039/
家田花园,https://huzhou.lianjia.com/xiaoqu/8708134042265703/
白O洲商住楼,https://huzhou.lianjia.com/xiaoqu/8708128599981201/
五峰花园东苑,https://huzhou.lianjia.com/xiaoqu/8708136635317769/
河滨小区,https://huzhou.lianjia.com/xiaoqu/8708136055206534/
丽天嘉园,https://huzhou.lianjia.com/xiaoqu/8708136053111093/
锦和名城三区,https://huzhou.lianjia.com/xiaoqu/8708136054156062/
河滨嘉苑,https://huzhou.lianjia.com/xiaoqu/8708136054163038/
锦和名城二区,https://huzhou.lianjia.com/xiaoqu/8708136056274671/
永兴家园,https://huzhou.lianjia.com/xiaoqu/8708135626211242/
新天地商务公寓楼,https://huzhou.lianjia.com/xiaoqu/8708134047516317/
长海路690号,https://huzhou.lianjia.com/xiaoqu/8708136678301604/
罗师庄(新竹路),https://huzhou.lianjia.com/xiaoqu/8708134071614007/
环西一弄,https://huzhou.lianjia.com/xiaoqu/87080000000064/
四达小区,https://huzhou.lianjia.com/xiaoqu/8708134437714055/
杨庄中兴家园,https://huzhou.lianjia.com/xiaoqu/8708133156772571/
安吉三里亭商贸城,https://huzhou.lianjia.com/xiaoqu/87080000000076/
竹景园东区,https://huzhou.lianjia.com/xiaoqu/8708135196091898/
园丁小区,https://huzhou.lianjia.com/xiaoqu/8708133147335327/
祥和路商贸楼,https://huzhou.lianjia.com/xiaoqu/87080000000068/
转椅市场,https://huzhou.lianjia.com/xiaoqu/87080000000070/
苕溪路商住楼,https://huzhou.lianjia.com/xiaoqu/8708128616757640/
老车站商业街,https://huzhou.lianjia.com/xiaoqu/87080000000073/
梅陇花园,https://huzhou.lianjia.com/xiaoqu/87080000000072/
西山社区北区,https://huzhou.lianjia.com/xiaoqu/8708128707052450/
香樟苑,https://huzhou.lianjia.com/xiaoqu/8708135727972488/
时代新城,https://huzhou.lianjia.com/xiaoqu/8708133965711361/
洗帚弄小区,https://huzhou.lianjia.com/xiaoqu/8708128610465488/
中兴小区,https://huzhou.lianjia.com/xiaoqu/8708133143141660/
城北小区南区,https://huzhou.lianjia.com/xiaoqu/8708133154675899/
蓝天嘉苑,https://huzhou.lianjia.com/xiaoqu/8708133150481698/
金陵现代城兴仁里小区,https://huzhou.lianjia.com/xiaoqu/8708133129539908/
台苑新村北区,https://huzhou.lianjia.com/xiaoqu/8708133154677813/
古城花园,https://huzhou.lianjia.com/xiaoqu/8708133146289237/
光辉小区长广苑,https://huzhou.lianjia.com/xiaoqu/8708133145239302/
金临小区,https://huzhou.lianjia.com/xiaoqu/8708133155724948/
翡翠名都梧桐苑,https://huzhou.lianjia.com/xiaoqu/8708134000331487/
华都兰廷公馆,https://huzhou.lianjia.com/xiaoqu/8708134204793652/
芬芳小区,https://huzhou.lianjia.com/xiaoqu/8708134029685932/
丰虹路商住楼,https://huzhou.lianjia.com/xiaoqu/8708137511036647/
金城小区,https://huzhou.lianjia.com/xiaoqu/8708141290871121/
浒畔居,https://huzhou.lianjia.com/xiaoqu/87080000000050/
君悦澜庭,https://huzhou.lianjia.com/xiaoqu/8708142261976195/
环东花园,https://huzhou.lianjia.com/xiaoqu/8708128576908849/
百家桥小区,https://huzhou.lianjia.com/xiaoqu/8708128677576635/
高阳花园,https://huzhou.lianjia.com/xiaoqu/87080000000044/
秋芦东苑,https://huzhou.lianjia.com/xiaoqu/8708133866024570/
中心商城,https://huzhou.lianjia.com/xiaoqu/8708137117659027/
金宇花园,https://huzhou.lianjia.com/xiaoqu/8708140685763790/
浦源大道539弄,https://huzhou.lianjia.com/xiaoqu/8708137636929104/
花鸟市场,https://huzhou.lianjia.com/xiaoqu/8708137618054929/
富康花苑,https://huzhou.lianjia.com/xiaoqu/8708134438687812/
万宏花园,https://huzhou.lianjia.com/xiaoqu/8708133147337154/
上铁江锦云庐,https://huzhou.lianjia.com/xiaoqu/8708126561609998/
华悦商业广场,https://huzhou.lianjia.com/xiaoqu/8708140504333258/
桃园新村三区,https://huzhou.lianjia.com/xiaoqu/8708134195406906/
云丰小区,https://huzhou.lianjia.com/xiaoqu/8708134619110425/
环西花园,https://huzhou.lianjia.com/xiaoqu/8708133148385230/
双渎家园,https://huzhou.lianjia.com/xiaoqu/8708140505283410/
庆丰阁,https://huzhou.lianjia.com/xiaoqu/8708134095745865/
太湖西路,https://huzhou.lianjia.com/xiaoqu/8708140306066248/
国际商务大厦,https://huzhou.lianjia.com/xiaoqu/8708140330177783/
温馨花苑,https://huzhou.lianjia.com/xiaoqu/8708133147335507/
龙安美食城,https://huzhou.lianjia.com/xiaoqu/8708137035869220/
新市陌路小区,https://huzhou.lianjia.com/xiaoqu/8708137335763831/
范潭,https://huzhou.lianjia.com/xiaoqu/8708134139792086/
翰林阁,https://huzhou.lianjia.com/xiaoqu/8708137562423738/
铭鸿公寓,https://huzhou.lianjia.com/xiaoqu/8708133960442398/
嘉和凯欣名座,https://huzhou.lianjia.com/xiaoqu/8708134043319476/
怡然公寓,https://huzhou.lianjia.com/xiaoqu/8708138111912668/
灵峰街道君茂商住楼,https://huzhou.lianjia.com/xiaoqu/8708138112984648/
滨河苑,https://huzhou.lianjia.com/xiaoqu/8708135779335021/
凤凰万隆公寓,https://huzhou.lianjia.com/xiaoqu/8708128551747505/
民盛花园C区,https://huzhou.lianjia.com/xiaoqu/8708128606274222/
苏嘉都会坊,https://huzhou.lianjia.com/xiaoqu/8708137509993086/
凤栖苑,https://huzhou.lianjia.com/xiaoqu/8708133890201830/
香溪丽舍,https://huzhou.lianjia.com/xiaoqu/8708137534108383/
涌金苑,https://huzhou.lianjia.com/xiaoqu/8708134836237955/
广场社区芜园西路388弄,https://huzhou.lianjia.com/xiaoqu/8708138570307695/
灵芝西路659号,https://huzhou.lianjia.com/xiaoqu/8708138571344555/
凤起大厦,https://huzhou.lianjia.com/xiaoqu/8708138949862012/
马北小区,https://huzhou.lianjia.com/xiaoqu/8708133998223951/
桐林别院,https://huzhou.lianjia.com/xiaoqu/8708140229461680/
苕溪路,https://huzhou.lianjia.com/xiaoqu/8708139979917653/
西广弄,https://huzhou.lianjia.com/xiaoqu/8708140162397057/
兴龙之城北苑,https://huzhou.lianjia.com/xiaoqu/8708134968376074/
新安佳苑,https://huzhou.lianjia.com/xiaoqu/8708135041767987/
菜场弄,https://huzhou.lianjia.com/xiaoqu/8708135072187953/
红门馆服装城,https://huzhou.lianjia.com/xiaoqu/8708135385973609/
金陵北路110号,https://huzhou.lianjia.com/xiaoqu/8708135387005783/
通凌路,https://huzhou.lianjia.com/xiaoqu/8708135395466047/
笤溪路108弄,https://huzhou.lianjia.com/xiaoqu/87080000000124/
康山家园,https://huzhou.lianjia.com/xiaoqu/87080000000136/
桥南路,https://huzhou.lianjia.com/xiaoqu/87080000000172/
佳源・公@一号,https://huzhou.lianjia.com/xiaoqu/8708128756401011/
世纪商城,https://huzhou.lianjia.com/xiaoqu/8708128709178594/
众盛商业广场,https://huzhou.lianjia.com/xiaoqu/8708148483260853/
风华苑西区,https://huzhou.lianjia.com/xiaoqu/8708150753961256/
鸿翔中央府,https://huzhou.lianjia.com/xiaoqu/8708133078140012/
德华香缇湾,https://huzhou.lianjia.com/xiaoqu/8708121656463246/
水利局宿舍楼,https://huzhou.lianjia.com/xiaoqu/8708133860788395/
玫瑰花园,https://huzhou.lianjia.com/xiaoqu/8708128749063645/
鼎盛路商业街,https://huzhou.lianjia.com/xiaoqu/87080000000046/
顺展商住楼,https://huzhou.lianjia.com/xiaoqu/8708134170252186/
爱家华府,https://huzhou.lianjia.com/xiaoqu/8708143395780431/
安吉清华园,https://huzhou.lianjia.com/xiaoqu/8708133134759871/
清河嘉园B区,https://huzhou.lianjia.com/xiaoqu/8708128662889741/
长兴利时广场,https://huzhou.lianjia.com/xiaoqu/8708133129538434/
东方丽苑,https://huzhou.lianjia.com/xiaoqu/8708133966740460/
水木花都海棠苑,https://huzhou.lianjia.com/xiaoqu/8708134020246166/
永兴家园,https://huzhou.lianjia.com/xiaoqu/8708135626211242/
康山家园,https://huzhou.lianjia.com/xiaoqu/87080000000136/
秀水华庭汀兰苑,https://huzhou.lianjia.com/xiaoqu/8708145794414672/
金象湾,https://huzhou.lianjia.com/xiaoqu/8708128728061567/
锦瑞苑,https://huzhou.lianjia.com/xiaoqu/8708128713367298/
德悦金澜香溪,https://huzhou.lianjia.com/xiaoqu/8708145335107698/
山语香缇,https://huzhou.lianjia.com/xiaoqu/87080000000142/
宝塔弄,https://huzhou.lianjia.com/xiaoqu/87080000000143/
金宇绿州新城,https://huzhou.lianjia.com/xiaoqu/8708133613106915/
丽都春天花园,https://huzhou.lianjia.com/xiaoqu/8708145939188260/
玫瑰花园,https://huzhou.lianjia.com/xiaoqu/8708128749063645/
中诚通现代物流城,https://huzhou.lianjia.com/xiaoqu/87080000000146/
天荒坪北路商住楼,https://huzhou.lianjia.com/xiaoqu/8708145518572039/
天马湖景花苑,https://huzhou.lianjia.com/xiaoqu/87080000001267/
城东小区,https://huzhou.lianjia.com/xiaoqu/87080000001268/
嘉业路266弄,https://huzhou.lianjia.com/xiaoqu/8708154798877333/
梅东花园C区,https://huzhou.lianjia.com/xiaoqu/8708134157662087/
钟安弄,https://huzhou.lianjia.com/xiaoqu/8708154950918458/
东街,https://huzhou.lianjia.com/xiaoqu/87080000001266/
常增小区,https://huzhou.lianjia.com/xiaoqu/8708155028525452/
广惠花园,https://huzhou.lianjia.com/xiaoqu/8708128698632261/
梅东花园B区,https://huzhou.lianjia.com/xiaoqu/87080000001154/
柳莺新村,https://huzhou.lianjia.com/xiaoqu/8708128700737235/
生泰花园,https://huzhou.lianjia.com/xiaoqu/8708145089648368/
德雅花苑,https://huzhou.lianjia.com/xiaoqu/8708133988783792/
假日风情,https://huzhou.lianjia.com/xiaoqu/87080000001153/
云鸿商住楼,https://huzhou.lianjia.com/xiaoqu/8708154171748742/
玲珑山庄,https://huzhou.lianjia.com/xiaoqu/8708133155724027/
莫干新村,https://huzhou.lianjia.com/xiaoqu/8708133691854855/
德悦金澜香溪,https://huzhou.lianjia.com/xiaoqu/8708145335107698/
锦瑞苑,https://huzhou.lianjia.com/xiaoqu/8708128713367298/
唐韵D区,https://huzhou.lianjia.com/xiaoqu/8708134646445024/
天荒坪北路商住楼,https://huzhou.lianjia.com/xiaoqu/8708145518572039/
南街392号,https://huzhou.lianjia.com/xiaoqu/87080000000109/
京城小区,https://huzhou.lianjia.com/xiaoqu/8708133146287583/
金凯地・香舍里,https://huzhou.lianjia.com/xiaoqu/8708128730162094/
中诚通现代物流城,https://huzhou.lianjia.com/xiaoqu/87080000000146/
金象湾,https://huzhou.lianjia.com/xiaoqu/8708128728061567/
民兴花园,https://huzhou.lianjia.com/xiaoqu/8708142892437342/
恒大御峰,https://huzhou.lianjia.com/xiaoqu/8708140419259400/
锦海公寓,https://huzhou.lianjia.com/xiaoqu/8708134608635596/
南方r代V,https://huzhou.lianjia.com/xiaoqu/8708128729109147/
紫金公寓,https://huzhou.lianjia.com/xiaoqu/8708134042271471/
馨雅家园,https://huzhou.lianjia.com/xiaoqu/8708128752206385/
浔园二期,https://huzhou.lianjia.com/xiaoqu/8708144935490099/
秀水华庭汀兰苑,https://huzhou.lianjia.com/xiaoqu/8708145794414672/
仁皇山建国小区,https://huzhou.lianjia.com/xiaoqu/8708128601026139/
嘉年华广场,https://huzhou.lianjia.com/xiaoqu/87080000000119/
香溪丽园,https://huzhou.lianjia.com/xiaoqu/8708135046965463/
利时公寓,https://huzhou.lianjia.com/xiaoqu/8708126663491939/
嘉和苑,https://huzhou.lianjia.com/xiaoqu/8708133999268291/
朗里花园,https://huzhou.lianjia.com/xiaoqu/8708133966735608/
万宏大厦,https://huzhou.lianjia.com/xiaoqu/8708135581131502/
滨河家园鹭龙苑,https://huzhou.lianjia.com/xiaoqu/87080000000497/
广都嘉园,https://huzhou.lianjia.com/xiaoqu/8708134796393286/
珍贝金鼎国际,https://huzhou.lianjia.com/xiaoqu/8708134498394306/
六合家园,https://huzhou.lianjia.com/xiaoqu/8708128683864599/
江南美墅,https://huzhou.lianjia.com/xiaoqu/8708121656464118/
佳源广场,https://huzhou.lianjia.com/xiaoqu/8708134464891765/
新城海上风华,https://huzhou.lianjia.com/xiaoqu/8708132786569533/
梅东花园D区,https://huzhou.lianjia.com/xiaoqu/8708134187023818/
适园一村,https://huzhou.lianjia.com/xiaoqu/8708128700729850/
计家桥文\苑,https://huzhou.lianjia.com/xiaoqu/87080000001729/
金舜苑,https://huzhou.lianjia.com/xiaoqu/8708134128251786/
雉城金陵中路商住楼北幢,https://huzhou.lianjia.com/xiaoqu/87080000001833/
虹桥风和苑,https://huzhou.lianjia.com/xiaoqu/8708156843746669/
凤凰路468号,https://huzhou.lianjia.com/xiaoqu/87080000001935/
佳源中心广场,https://huzhou.lianjia.com/xiaoqu/87080000001726/
益民路,https://huzhou.lianjia.com/xiaoqu/8708134580318891/
永安小区(湖州),https://huzhou.lianjia.com/xiaoqu/8708128706024623/
德雅花苑,https://huzhou.lianjia.com/xiaoqu/8708133988783792/
适园二村,https://huzhou.lianjia.com/xiaoqu/87080000001487/
岁金时代书香苑二期,https://huzhou.lianjia.com/xiaoqu/8708155884283306/
便民路438弄,https://huzhou.lianjia.com/xiaoqu/8708152262071992/
连心楼,https://huzhou.lianjia.com/xiaoqu/87080000002046/
天河悦公馆,https://huzhou.lianjia.com/xiaoqu/8708142163375694/
米兰装饰广场,https://huzhou.lianjia.com/xiaoqu/87080000002694/
梅溪新城,https://huzhou.lianjia.com/xiaoqu/87080000002695/
万固・尚溪府,https://huzhou.lianjia.com/xiaoqu/87080000002691/
四海路48号,https://huzhou.lianjia.com/xiaoqu/87080000003296/
白路湾一路,https://huzhou.lianjia.com/xiaoqu/87080000003629/
电厂居住小区,https://huzhou.lianjia.com/xiaoqu/87080000003631/
春晖街121号,https://huzhou.lianjia.com/xiaoqu/87080000003413/
碧桂园铂悦府,https://huzhou.lianjia.com/xiaoqu/8708146292604861/
南方家园,https://huzhou.lianjia.com/xiaoqu/87080000001927/
民泰花园,https://huzhou.lianjia.com/xiaoqu/87080000003407/
兴业楼,https://huzhou.lianjia.com/xiaoqu/87080000003737/
华盛达广场,https://huzhou.lianjia.com/xiaoqu/87080000001510/
都市花苑,https://huzhou.lianjia.com/xiaoqu/8708156710568182/
步行街,https://huzhou.lianjia.com/xiaoqu/87080000001517/
名雅苑,https://huzhou.lianjia.com/xiaoqu/87080000001518/
福兴花苑,https://huzhou.lianjia.com/xiaoqu/8708133149433457/
杜鹃花园,https://huzhou.lianjia.com/xiaoqu/87080000002147/
孝丰金丰花园,https://huzhou.lianjia.com/xiaoqu/87080000002258/
香草苑,https://huzhou.lianjia.com/xiaoqu/87080000002002/
阳光家园(湖州),https://huzhou.lianjia.com/xiaoqu/8708128765841905/
同心花苑,https://huzhou.lianjia.com/xiaoqu/8708128752211177/
望津小区,https://huzhou.lianjia.com/xiaoqu/8708128701785950/
浔和花园,https://huzhou.lianjia.com/xiaoqu/8708128750105105/
浔园,https://huzhou.lianjia.com/xiaoqu/8708128730156210/
江南花园,https://huzhou.lianjia.com/xiaoqu/8708128749062168/
县前街小区,https://huzhou.lianjia.com/xiaoqu/8708133153628745/
星泽苑,https://huzhou.lianjia.com/xiaoqu/8708131898024111/
南方新世界,https://huzhou.lianjia.com/xiaoqu/8708147373792751/
浒井港小区,https://huzhou.lianjia.com/xiaoqu/8708135730062332/
桥工苑,https://huzhou.lianjia.com/xiaoqu/8708134034934234/
孔雀城,https://huzhou.lianjia.com/xiaoqu/8708132786568302/
碧桂园中远天汇,https://huzhou.lianjia.com/xiaoqu/8708139419878386/
江南电缆厂公寓,https://huzhou.lianjia.com/xiaoqu/8708128698636295/
爱家锦绣澜岸花园,https://huzhou.lianjia.com/xiaoqu/8708139079063485/
通益商住楼,https://huzhou.lianjia.com/xiaoqu/8708148908140292/
金宇绿州新城,https://huzhou.lianjia.com/xiaoqu/8708133613106915/
丽都春天花园,https://huzhou.lianjia.com/xiaoqu/8708145939188260/
安平街,https://huzhou.lianjia.com/xiaoqu/87080000005048/
禾旭・东河苑,https://huzhou.lianjia.com/xiaoqu/8708142817933852/
万马路89号,https://huzhou.lianjia.com/xiaoqu/87080000005044/
郎里小区,https://huzhou.lianjia.com/xiaoqu/8708134116714737/
益民路,https://huzhou.lianjia.com/xiaoqu/8708134580318891/
南浔吾悦广场,https://huzhou.lianjia.com/xiaoqu/8708150195976380/
宝石花园,https://huzhou.lianjia.com/xiaoqu/87080000003211/
时代广场,https://huzhou.lianjia.com/xiaoqu/87080000002910/
德辰星辰家园,https://huzhou.lianjia.com/xiaoqu/8708127002292057/
红树林花园,https://huzhou.lianjia.com/xiaoqu/87080000004646/
安平街,https://huzhou.lianjia.com/xiaoqu/87080000005048/
福兴花苑,https://huzhou.lianjia.com/xiaoqu/8708133149433457/
孝丰金丰花园,https://huzhou.lianjia.com/xiaoqu/87080000002258/
金陵中路,https://huzhou.lianjia.com/xiaoqu/87080000002359/
万宏东小区,https://huzhou.lianjia.com/xiaoqu/87080000000157/
梅溪新城,https://huzhou.lianjia.com/xiaoqu/87080000002695/
米兰装饰广场,https://huzhou.lianjia.com/xiaoqu/87080000002694/
万固・尚溪府,https://huzhou.lianjia.com/xiaoqu/87080000002691/
新时代小区,https://huzhou.lianjia.com/xiaoqu/8708133842905140/
御翠豪庭,https://huzhou.lianjia.com/xiaoqu/87080000001919/
宝隆商住楼,https://huzhou.lianjia.com/xiaoqu/87080000002473/
丽阳商务大厦,https://huzhou.lianjia.com/xiaoqu/87080000002474/
东兴小区,https://huzhou.lianjia.com/xiaoqu/8708133739101226/
雉城金陵中路商住楼北幢,https://huzhou.lianjia.com/xiaoqu/87080000001833/
金舜苑,https://huzhou.lianjia.com/xiaoqu/8708134128251786/
杜鹃花园,https://huzhou.lianjia.com/xiaoqu/87080000002147/
香草苑,https://huzhou.lianjia.com/xiaoqu/87080000002002/
星光商务广场,https://huzhou.lianjia.com/xiaoqu/87080000002683/
南方家园,https://huzhou.lianjia.com/xiaoqu/87080000001927/
佳源中心广场,https://huzhou.lianjia.com/xiaoqu/87080000001726/
连心楼,https://huzhou.lianjia.com/xiaoqu/87080000002046/
润泽福源,https://huzhou.lianjia.com/xiaoqu/87080000002036/
长广康居苑,https://huzhou.lianjia.com/xiaoqu/87080000003618/
孔雀城水秀悦府,https://huzhou.lianjia.com/xiaoqu/87080000015373/
东兴小区,https://huzhou.lianjia.com/xiaoqu/8708133739101226/
宝隆商住楼,https://huzhou.lianjia.com/xiaoqu/87080000002473/
丽阳商务大厦,https://huzhou.lianjia.com/xiaoqu/87080000002474/
御翠豪庭,https://huzhou.lianjia.com/xiaoqu/87080000001919/
时代广场,https://huzhou.lianjia.com/xiaoqu/87080000002910/
宝石花园,https://huzhou.lianjia.com/xiaoqu/87080000003211/
练溪上郡,https://huzhou.lianjia.com/xiaoqu/87080000004143/
禾旭・东河苑,https://huzhou.lianjia.com/xiaoqu/8708142817933852/
欧诗漫街46号,https://huzhou.lianjia.com/xiaoqu/87080000004734/
云鸿铭楼,https://huzhou.lianjia.com/xiaoqu/87080000005055/
古寓里,https://huzhou.lianjia.com/xiaoqu/87080000004944/
益民路,https://huzhou.lianjia.com/xiaoqu/8708134580318891/
长广康居苑,https://huzhou.lianjia.com/xiaoqu/87080000003618/
吉祥苑,https://huzhou.lianjia.com/xiaoqu/8708133698069354/
阳光水岸,https://huzhou.lianjia.com/xiaoqu/8708136054157922/
巨赢・锦绣苑,https://huzhou.lianjia.com/xiaoqu/8708128723875648/
玫瑰半岛花园,https://huzhou.lianjia.com/xiaoqu/8708128749058100/
南浔吾悦广场,https://huzhou.lianjia.com/xiaoqu/8708150195976380/
金陵中路,https://huzhou.lianjia.com/xiaoqu/87080000002359/
米兰装饰广场,https://huzhou.lianjia.com/xiaoqu/87080000002694/
万固・尚溪府,https://huzhou.lianjia.com/xiaoqu/87080000002691/
安平街,https://huzhou.lianjia.com/xiaoqu/87080000005048/
红树林花园,https://huzhou.lianjia.com/xiaoqu/87080000004646/
郎里小区,https://huzhou.lianjia.com/xiaoqu/8708134116714737/
万马路89号,https://huzhou.lianjia.com/xiaoqu/87080000005044/
铂金华府,https://huzhou.lianjia.com/xiaoqu/8708132664906641/
水木花都风荷苑,https://huzhou.lianjia.com/xiaoqu/8708134015004688/
双拥路37号,https://huzhou.lianjia.com/xiaoqu/87080000005780/
东港欣苑,https://huzhou.lianjia.com/xiaoqu/87080000001265/
阳光美宸,https://huzhou.lianjia.com/xiaoqu/8708134434482855/
红树林花园,https://huzhou.lianjia.com/xiaoqu/87080000004646/
连心楼,https://huzhou.lianjia.com/xiaoqu/87080000002046/
益民路,https://huzhou.lianjia.com/xiaoqu/8708134580318891/
民泰花园,https://huzhou.lianjia.com/xiaoqu/87080000003407/
南方家园,https://huzhou.lianjia.com/xiaoqu/87080000001927/
云鸿铭楼,https://huzhou.lianjia.com/xiaoqu/87080000005055/
古寓里,https://huzhou.lianjia.com/xiaoqu/87080000004944/
同泰花苑,https://huzhou.lianjia.com/xiaoqu/8708128736474107/
东兴小区,https://huzhou.lianjia.com/xiaoqu/8708133739101226/
丽阳商务大厦,https://huzhou.lianjia.com/xiaoqu/87080000002474/
新时代小区,https://huzhou.lianjia.com/xiaoqu/8708133842905140/
御翠豪庭,https://huzhou.lianjia.com/xiaoqu/87080000001919/
长广康居苑,https://huzhou.lianjia.com/xiaoqu/87080000003618/
新北路吉祥苑,https://huzhou.lianjia.com/xiaoqu/87080000006085/
城东新村,https://huzhou.lianjia.com/xiaoqu/87080000006392/
练溪上郡,https://huzhou.lianjia.com/xiaoqu/87080000004143/
禾旭・东河苑,https://huzhou.lianjia.com/xiaoqu/8708142817933852/
华都中环商务广场,https://huzhou.lianjia.com/xiaoqu/87080000001933/
广弘新天地,https://huzhou.lianjia.com/xiaoqu/8708149385314425/
南浔吾悦广场,https://huzhou.lianjia.com/xiaoqu/8708150195976380/
城北二区里弄,https://huzhou.lianjia.com/xiaoqu/87080000006793/
福兴花苑,https://huzhou.lianjia.com/xiaoqu/8708133149433457/
杜鹃花园,https://huzhou.lianjia.com/xiaoqu/87080000002147/
润泽福源,https://huzhou.lianjia.com/xiaoqu/87080000002036/
凤凰路468号,https://huzhou.lianjia.com/xiaoqu/87080000001935/
东星大厦,https://huzhou.lianjia.com/xiaoqu/87080000003623/
仓前街小区,https://huzhou.lianjia.com/xiaoqu/8708134052753096/
君悦上居,https://huzhou.lianjia.com/xiaoqu/8708134370531215/
富力城悦界,https://huzhou.lianjia.com/xiaoqu/8708133809380892/
清河嘉园B区,https://huzhou.lianjia.com/xiaoqu/8708128662889741/
双拥路37号,https://huzhou.lianjia.com/xiaoqu/87080000005780/
新湖小区,https://huzhou.lianjia.com/xiaoqu/8708133133732534/
学仕嘉园,https://huzhou.lianjia.com/xiaoqu/8708150215906097/
塘浦嘉苑,https://huzhou.lianjia.com/xiaoqu/8708135052258878/
林城商贸新城合景苑,https://huzhou.lianjia.com/xiaoqu/8708143445144701/
金铁小区,https://huzhou.lianjia.com/xiaoqu/8708133147338435/
凯旋宫,https://huzhou.lianjia.com/xiaoqu/8708128760599172/
东城华府,https://huzhou.lianjia.com/xiaoqu/8708149664258154/
群安小区,https://huzhou.lianjia.com/xiaoqu/8708133669770968/
康乐小区,https://huzhou.lianjia.com/xiaoqu/8708133609936753/
永安小区,https://huzhou.lianjia.com/xiaoqu/87080000002010/
碧润苑小区,https://huzhou.lianjia.com/xiaoqu/8708128705998055/
文源阁,https://huzhou.lianjia.com/xiaoqu/8708136610157424/
世纪名都,https://huzhou.lianjia.com/xiaoqu/8708128753258928/
仓前街小区,https://huzhou.lianjia.com/xiaoqu/8708134052753096/
望春小区,https://huzhou.lianjia.com/xiaoqu/8708134035964982/
君悦上居,https://huzhou.lianjia.com/xiaoqu/8708134370531215/
富力城悦界,https://huzhou.lianjia.com/xiaoqu/8708133809380892/
碧水嘉园,https://huzhou.lianjia.com/xiaoqu/8708134666296859/
汇丰花园南苑,https://huzhou.lianjia.com/xiaoqu/8708133972018581/
美来国际,https://huzhou.lianjia.com/xiaoqu/8708128750111640/
水木花都青溪苑,https://huzhou.lianjia.com/xiaoqu/8708134013951163/
孔雀城水秀悦府,https://huzhou.lianjia.com/xiaoqu/87080000015373/
佳和玫瑰园,https://huzhou.lianjia.com/xiaoqu/8708134490004211/
石榴玉兰湾,https://huzhou.lianjia.com/xiaoqu/8708132046895228/
滨江丽景,https://huzhou.lianjia.com/xiaoqu/8708128760593727/
亿丰财富公馆,https://huzhou.lianjia.com/xiaoqu/8708128661840012/
祥溪花园,https://huzhou.lianjia.com/xiaoqu/8708133873369915/
锦绣家园,https://huzhou.lianjia.com/xiaoqu/8708133862886663/
丹桂苑,https://huzhou.lianjia.com/xiaoqu/8708133965695921/
水岸金地,https://huzhou.lianjia.com/xiaoqu/8708128755349338/
林城商贸新城合景苑,https://huzhou.lianjia.com/xiaoqu/8708143445144701/
梅东花园D区,https://huzhou.lianjia.com/xiaoqu/8708134187023818/
悠然美地观竹轩,https://huzhou.lianjia.com/xiaoqu/8708134833110162/
得力御龙湾,https://huzhou.lianjia.com/xiaoqu/8708133133732252/
龙山泰景,https://huzhou.lianjia.com/xiaoqu/8708133969908032/
水木花都春晓苑,https://huzhou.lianjia.com/xiaoqu/8708133150484249/
星汇半岛二期领域,https://huzhou.lianjia.com/xiaoqu/8708128657644105/
奥园壹号,https://huzhou.lianjia.com/xiaoqu/8708128628284039/
天河理想城,https://huzhou.lianjia.com/xiaoqu/8708128660791747/
安吉玫瑰@,https://huzhou.lianjia.com/xiaoqu/8708134599260730/
星汇半岛一期,https://huzhou.lianjia.com/xiaoqu/8708128639818464/
华都维多利亚东区,https://huzhou.lianjia.com/xiaoqu/8708133988792842/
湖东小区,https://huzhou.lianjia.com/xiaoqu/8708128727017680/
大自然城市花园,https://huzhou.lianjia.com/xiaoqu/8708133152579349/
凤凰二村,https://huzhou.lianjia.com/xiaoqu/8708128559081275/
明都锦绣苑,https://huzhou.lianjia.com/xiaoqu/8708128655550916/
新城丽景,https://huzhou.lianjia.com/xiaoqu/8708133130588309/
华府锦苑,https://huzhou.lianjia.com/xiaoqu/8708133133732284/
画溪花园,https://huzhou.lianjia.com/xiaoqu/8708133155724244/
利时金色华府,https://huzhou.lianjia.com/xiaoqu/8708126661399506/
竹贤山庄,https://huzhou.lianjia.com/xiaoqu/8708133967817209/
金湖人家,https://huzhou.lianjia.com/xiaoqu/8708128636673499/
梳妆台小区,https://huzhou.lianjia.com/xiaoqu/8708128584253769/
嘉业阳光城,https://huzhou.lianjia.com/xiaoqu/8708128589491101/
东湖家园二区,https://huzhou.lianjia.com/xiaoqu/8708128713367477/
西城时代,https://huzhou.lianjia.com/xiaoqu/8708133152580159/
长州花园,https://huzhou.lianjia.com/xiaoqu/8708125956095141/
都市家园一区,https://huzhou.lianjia.com/xiaoqu/8708128706029569/
港润园二期,https://huzhou.lianjia.com/xiaoqu/8708128662891474/
吉星公馆,https://huzhou.lianjia.com/xiaoqu/8708133989834314/
龙溪御庭,https://huzhou.lianjia.com/xiaoqu/8708133130586596/
山水人家,https://huzhou.lianjia.com/xiaoqu/8708128615709988/
百合公寓,https://huzhou.lianjia.com/xiaoqu/8708128624100541/
龙山雅苑,https://huzhou.lianjia.com/xiaoqu/8708133129540449/
长海明珠佳园,https://huzhou.lianjia.com/xiaoqu/8708133154677938/
新丰小区,https://huzhou.lianjia.com/xiaoqu/8708133133732189/
水木花都丹桂苑,https://huzhou.lianjia.com/xiaoqu/8708133152577585/
大自然城市花园东区,https://huzhou.lianjia.com/xiaoqu/8708133150482026/
紫金水岸华庭紫薇苑,https://huzhou.lianjia.com/xiaoqu/8708133153626488/
山水阳光小区,https://huzhou.lianjia.com/xiaoqu/8708128583199399/
龙山庄园,https://huzhou.lianjia.com/xiaoqu/8708133129540023/
琥珀公馆,https://huzhou.lianjia.com/xiaoqu/8708133130589892/
张家村花园北区,https://huzhou.lianjia.com/xiaoqu/8708133148385588/
银都丽景,https://huzhou.lianjia.com/xiaoqu/8708133154676661/
金汇家园,https://huzhou.lianjia.com/xiaoqu/8708133153629944/
维多利亚花园,https://huzhou.lianjia.com/xiaoqu/8708133129539382/
阳光家园(长兴县),https://huzhou.lianjia.com/xiaoqu/8708133147337330/
浙水阳光天地,https://huzhou.lianjia.com/xiaoqu/8708133151532802/
皇家湾名邸,https://huzhou.lianjia.com/xiaoqu/8708133152579451/
宋盛小区,https://huzhou.lianjia.com/xiaoqu/8708133692831137/
营盘小区,https://huzhou.lianjia.com/xiaoqu/8708133664527830/
吉瑞花园,https://huzhou.lianjia.com/xiaoqu/8708133883896274/
狮山小区,https://huzhou.lianjia.com/xiaoqu/8708133894400939/
兴山小区,https://huzhou.lianjia.com/xiaoqu/8708133890192537/
丰桥小区,https://huzhou.lianjia.com/xiaoqu/8708133868178631/
文欣苑,https://huzhou.lianjia.com/xiaoqu/8708133883907282/
红枫苑,https://huzhou.lianjia.com/xiaoqu/8708133959414668/
银苑小区,https://huzhou.lianjia.com/xiaoqu/8708133964637452/
华都维多利亚西区,https://huzhou.lianjia.com/xiaoqu/8708133964640060/
山水华庭南苑,https://huzhou.lianjia.com/xiaoqu/8708133968877465/
天熙蔷薇郡,https://huzhou.lianjia.com/xiaoqu/8708133970973371/
安泰凤栖花园西区,https://huzhou.lianjia.com/xiaoqu/8708134040157757/
万邦沁河湾,https://huzhou.lianjia.com/xiaoqu/8708134038069176/
回龙花园,https://huzhou.lianjia.com/xiaoqu/8708133627759651/
嘉华国际,https://huzhou.lianjia.com/xiaoqu/8708133609918734/
昌硕小区,https://huzhou.lianjia.com/xiaoqu/8708134048558702/
都市新景望驿阁,https://huzhou.lianjia.com/xiaoqu/8708134093650596/
东城花园,https://huzhou.lianjia.com/xiaoqu/8708134158667296/
龙凤花园,https://huzhou.lianjia.com/xiaoqu/8708134182786699/
滨河花园,https://huzhou.lianjia.com/xiaoqu/8708128590534813/
金色佳苑,https://huzhou.lianjia.com/xiaoqu/8708134197465495/
凤凰一村（南区）,https://huzhou.lianjia.com/xiaoqu/8708128556990854/
翠柳苑,https://huzhou.lianjia.com/xiaoqu/8708134242600019/
天水小区,https://huzhou.lianjia.com/xiaoqu/8708134238346241/
凤凰新村二区,https://huzhou.lianjia.com/xiaoqu/8708134620236677/
静江公寓,https://huzhou.lianjia.com/xiaoqu/8708128610460189/
吉南家园,https://huzhou.lianjia.com/xiaoqu/8708128561176551/
杭州大厦大都汇城市生活广场,https://huzhou.lianjia.com/xiaoqu/8708128575862980/
剑桥名门,https://huzhou.lianjia.com/xiaoqu/8708128668134690/
华如商住楼,https://huzhou.lianjia.com/xiaoqu/8708128579011434/
新江南,https://huzhou.lianjia.com/xiaoqu/8708128616754773/
青阳住宅小区,https://huzhou.lianjia.com/xiaoqu/8708128552785960/
青塘社区,https://huzhou.lianjia.com/xiaoqu/8708128599980096/
吉山西区,https://huzhou.lianjia.com/xiaoqu/8708128588449659/
南华家园,https://huzhou.lianjia.com/xiaoqu/8708128687014875/
青塘小区西区,https://huzhou.lianjia.com/xiaoqu/8708128585296864/
蜀山雅苑,https://huzhou.lianjia.com/xiaoqu/8708128679665893/
下塘小区,https://huzhou.lianjia.com/xiaoqu/8708128609412079/
马军巷小区,https://huzhou.lianjia.com/xiaoqu/8708128589488871/
竺镜茶语,https://huzhou.lianjia.com/xiaoqu/8708134615969395/
香缇溪岸,https://huzhou.lianjia.com/xiaoqu/8708134657976356/
桂雨居,https://huzhou.lianjia.com/xiaoqu/8708134255125892/
星海名城,https://huzhou.lianjia.com/xiaoqu/8708128588439682/
闻波兜小区西区,https://huzhou.lianjia.com/xiaoqu/8708128613613080/
东辉苑,https://huzhou.lianjia.com/xiaoqu/8708128601024128/
金陵现代城兴和里,https://huzhou.lianjia.com/xiaoqu/8708135072167514/
滨河花园,https://huzhou.lianjia.com/xiaoqu/8708128590534813/
龙凤花园,https://huzhou.lianjia.com/xiaoqu/8708134182786699/
金色佳苑,https://huzhou.lianjia.com/xiaoqu/8708134197465495/
凤凰一村（南区）,https://huzhou.lianjia.com/xiaoqu/8708128556990854/
昌硕小区,https://huzhou.lianjia.com/xiaoqu/8708134048558702/
天熙蔷薇郡,https://huzhou.lianjia.com/xiaoqu/8708133970973371/
安泰凤栖花园西区,https://huzhou.lianjia.com/xiaoqu/8708134040157757/
万邦沁河湾,https://huzhou.lianjia.com/xiaoqu/8708134038069176/
嘉华国际,https://huzhou.lianjia.com/xiaoqu/8708133609918734/
回龙花园,https://huzhou.lianjia.com/xiaoqu/8708133627759651/
宋盛小区,https://huzhou.lianjia.com/xiaoqu/8708133692831137/
计家蛐^,https://huzhou.lianjia.com/xiaoqu/8708128596828429/
太湖之星,https://huzhou.lianjia.com/xiaoqu/8708135426930514/
美欣家园小区,https://huzhou.lianjia.com/xiaoqu/8708128569573753/
中兴华苑,https://huzhou.lianjia.com/xiaoqu/8708128584249868/
新世纪花苑,https://huzhou.lianjia.com/xiaoqu/8708128587395750/
田盛园,https://huzhou.lianjia.com/xiaoqu/8708128662894693/
日月城,https://huzhou.lianjia.com/xiaoqu/8708128663944368/
东湖家园一区,https://huzhou.lianjia.com/xiaoqu/8708128706004379/
金世纪广场,https://huzhou.lianjia.com/xiaoqu/8708128589490168/
西白鱼潭小区,https://huzhou.lianjia.com/xiaoqu/8708128666036344/
红丰丽佳园,https://huzhou.lianjia.com/xiaoqu/8708128580054936/
金婆弄小区,https://huzhou.lianjia.com/xiaoqu/8708128602074990/
红丰苑,https://huzhou.lianjia.com/xiaoqu/8708128612556892/
马军巷北区,https://huzhou.lianjia.com/xiaoqu/8708128580052699/
红丰新村西区,https://huzhou.lianjia.com/xiaoqu/8708128614657266/
红丰新村西区,https://huzhou.lianjia.com/xiaoqu/8708128614657266/
红丰丽佳园,https://huzhou.lianjia.com/xiaoqu/8708128580054936/
金婆弄小区,https://huzhou.lianjia.com/xiaoqu/8708128602074990/
爱山街道仪凤桥小区,https://huzhou.lianjia.com/xiaoqu/8708128612566860/
朝阳里小区,https://huzhou.lianjia.com/xiaoqu/8708134046465487/
侨兴花园,https://huzhou.lianjia.com/xiaoqu/8708128589491794/
汇丰花园北苑,https://huzhou.lianjia.com/xiaoqu/8708133969922632/
金色港湾,https://huzhou.lianjia.com/xiaoqu/8708134501541414/
田盛街,https://huzhou.lianjia.com/xiaoqu/8708134802688017/
竹翠园,https://huzhou.lianjia.com/xiaoqu/8708128601020615/
湖东家园,https://huzhou.lianjia.com/xiaoqu/8708128683866688/
红旗景都,https://huzhou.lianjia.com/xiaoqu/8708134040174616/
清河嘉园A区,https://huzhou.lianjia.com/xiaoqu/8708128676519866/
闻波兜小区东区,https://huzhou.lianjia.com/xiaoqu/8708128602075389/
君悦华府西区,https://huzhou.lianjia.com/xiaoqu/8708133130586392/
塔下街社区,https://huzhou.lianjia.com/xiaoqu/8708134349497958/
保集金城广场,https://huzhou.lianjia.com/xiaoqu/8708128677575401/
香格里,https://huzhou.lianjia.com/xiaoqu/8708128687013008/
拇指大厦,https://huzhou.lianjia.com/xiaoqu/8708134147175901/
东方明珠,https://huzhou.lianjia.com/xiaoqu/8708128693303090/
青阳南区,https://huzhou.lianjia.com/xiaoqu/8708128552795655/
祥云花园,https://huzhou.lianjia.com/xiaoqu/8708133886009509/
万汇广场,https://huzhou.lianjia.com/xiaoqu/8708134778581136/
青塘商住楼,https://huzhou.lianjia.com/xiaoqu/8708128581107834/
人民路商业广场,https://huzhou.lianjia.com/xiaoqu/8708133866028896/
文苑南区,https://huzhou.lianjia.com/xiaoqu/8708134889734225/
东盛华庭,https://huzhou.lianjia.com/xiaoqu/8708133130586812/
清丽家园,https://huzhou.lianjia.com/xiaoqu/8708128627242847/
天杏园,https://huzhou.lianjia.com/xiaoqu/8708128612566590/
龙泉街道市陌三社区,https://huzhou.lianjia.com/xiaoqu/8708128666043860/
太湖之星,https://huzhou.lianjia.com/xiaoqu/8708135426930514/
铂金公馆北苑,https://huzhou.lianjia.com/xiaoqu/8708135447891711/
昆仑龙山公馆,https://huzhou.lianjia.com/xiaoqu/8708133130588239/
西白鱼潭小区,https://huzhou.lianjia.com/xiaoqu/8708128666036344/
浙水阳光天地南区,https://huzhou.lianjia.com/xiaoqu/8708133150482279/
红丰新村,https://huzhou.lianjia.com/xiaoqu/8708128731208293/
月河小区南区,https://huzhou.lianjia.com/xiaoqu/8708128606269719/
曲尺巷,https://huzhou.lianjia.com/xiaoqu/8708128619900400/
月河小区,https://huzhou.lianjia.com/xiaoqu/8708128612557069/
红丰新村西区,https://huzhou.lianjia.com/xiaoqu/8708128614657266/
红丰丽佳园,https://huzhou.lianjia.com/xiaoqu/8708128580054936/
金婆弄小区,https://huzhou.lianjia.com/xiaoqu/8708128602074990/
爱山街道仪凤桥小区,https://huzhou.lianjia.com/xiaoqu/8708128612566860/
朝阳里小区,https://huzhou.lianjia.com/xiaoqu/8708134046465487/
红丰苑,https://huzhou.lianjia.com/xiaoqu/8708128612556892/
马军巷北区,https://huzhou.lianjia.com/xiaoqu/8708128580052699/
华乐小区,https://huzhou.lianjia.com/xiaoqu/8708135192942723/
闻波兜小区西区,https://huzhou.lianjia.com/xiaoqu/8708128613613080/
金陵现代城兴和里,https://huzhou.lianjia.com/xiaoqu/8708135072167514/
统一家园,https://huzhou.lianjia.com/xiaoqu/8708128612562529/
龙凤花园,https://huzhou.lianjia.com/xiaoqu/8708134182786699/
金色佳苑,https://huzhou.lianjia.com/xiaoqu/8708134197465495/
凤凰一村（南区）,https://huzhou.lianjia.com/xiaoqu/8708128556990854/
众鑫广场,https://huzhou.lianjia.com/xiaoqu/8708128612566328/
惠丰悦君府,https://huzhou.lianjia.com/xiaoqu/8708141816310019/
新宏・水岸蓝庭,https://huzhou.lianjia.com/xiaoqu/8708141816310234/
师范教师宿舍,https://huzhou.lianjia.com/xiaoqu/8708134043310022/
东馨商住楼,https://huzhou.lianjia.com/xiaoqu/8708139221648030/
新华阁,https://huzhou.lianjia.com/xiaoqu/8708134098883676/
怡家公馆,https://huzhou.lianjia.com/xiaoqu/8708128662888652/
吉北社区,https://huzhou.lianjia.com/xiaoqu/8708128631439617/
田盛街,https://huzhou.lianjia.com/xiaoqu/8708134802688017/
竹翠园,https://huzhou.lianjia.com/xiaoqu/8708128601020615/
雀立园区,https://huzhou.lianjia.com/xiaoqu/8708128579009633/
南白鱼潭小区,https://huzhou.lianjia.com/xiaoqu/8708128678622924/
富丽家园,https://huzhou.lianjia.com/xiaoqu/8708128582156123/
汇豪名都,https://huzhou.lianjia.com/xiaoqu/87080000000001/
凤凰苑西区,https://huzhou.lianjia.com/xiaoqu/8708128590535144/
尚城公馆,https://huzhou.lianjia.com/xiaoqu/8708133966762473/
统一家园,https://huzhou.lianjia.com/xiaoqu/8708128612562529/
众鑫广场,https://huzhou.lianjia.com/xiaoqu/8708128612566328/
师范教师宿舍,https://huzhou.lianjia.com/xiaoqu/8708134043310022/
东馨商住楼,https://huzhou.lianjia.com/xiaoqu/8708139221648030/
新华阁,https://huzhou.lianjia.com/xiaoqu/8708134098883676/
德申苑,https://huzhou.lianjia.com/xiaoqu/8708128558029058/
浦源城,https://huzhou.lianjia.com/xiaoqu/8708134472318864/
新宏・水岸蓝庭,https://huzhou.lianjia.com/xiaoqu/8708141816310234/
递铺印象,https://huzhou.lianjia.com/xiaoqu/8708137563486762/
嘉苑,https://huzhou.lianjia.com/xiaoqu/8708136052058382/
碧水尊邸,https://huzhou.lianjia.com/xiaoqu/8708128757454705/
观景府,https://huzhou.lianjia.com/xiaoqu/8708128723875285/
港润园,https://huzhou.lianjia.com/xiaoqu/8708123750181271/
红丰五村,https://huzhou.lianjia.com/xiaoqu/8708128583198839/
胜利路西路171号,https://huzhou.lianjia.com/xiaoqu/8708138640560045/
金信花漾溪城,https://huzhou.lianjia.com/xiaoqu/8708134048556859/
浦源悦府,https://huzhou.lianjia.com/xiaoqu/8708135436370801/
龙城家园,https://huzhou.lianjia.com/xiaoqu/8708133870216134/
阳光华苑,https://huzhou.lianjia.com/xiaoqu/8708133986692163/
丹凤苑,https://huzhou.lianjia.com/xiaoqu/8708134124051579/
水岸人家,https://huzhou.lianjia.com/xiaoqu/8708134026534530/
张家村花园南区,https://huzhou.lianjia.com/xiaoqu/8708133968875057/
红墅湾,https://huzhou.lianjia.com/xiaoqu/8708128677570420/
湖东南区,https://huzhou.lianjia.com/xiaoqu/8708135801447579/
丰稍,https://huzhou.lianjia.com/xiaoqu/8708128591584681/
英晖商住楼,https://huzhou.lianjia.com/xiaoqu/8708137511052743/
惠丰悦君府,https://huzhou.lianjia.com/xiaoqu/8708141816310019/
新宏・水岸蓝庭,https://huzhou.lianjia.com/xiaoqu/8708141816310234/
师范教师宿舍,https://huzhou.lianjia.com/xiaoqu/8708134043310022/
胜利路西路171号,https://huzhou.lianjia.com/xiaoqu/8708138640560045/
恒大金陵悦府,https://huzhou.lianjia.com/xiaoqu/8708140416115309/
天和苑,https://huzhou.lianjia.com/xiaoqu/8708133965700053/
硕城公寓,https://huzhou.lianjia.com/xiaoqu/8708137618055431/
现代广场,https://huzhou.lianjia.com/xiaoqu/8708128601024506/
统一家园,https://huzhou.lianjia.com/xiaoqu/8708128612562529/
众鑫广场,https://huzhou.lianjia.com/xiaoqu/8708128612566328/
金信花漾溪城,https://huzhou.lianjia.com/xiaoqu/8708134048556859/
青塘北区,https://huzhou.lianjia.com/xiaoqu/8708128588449652/
德申苑,https://huzhou.lianjia.com/xiaoqu/8708128558029058/
凯承恒隆府,https://huzhou.lianjia.com/xiaoqu/8708137585492343/
浦源悦府,https://huzhou.lianjia.com/xiaoqu/8708135436370801/
亿嘉亿城嘉园,https://huzhou.lianjia.com/xiaoqu/8708133871270031/
九州昌硕广场,https://huzhou.lianjia.com/xiaoqu/8708134607586111/
龙城家园,https://huzhou.lianjia.com/xiaoqu/8708133870216134/
阳光华苑,https://huzhou.lianjia.com/xiaoqu/8708133986692163/
丹凤苑,https://huzhou.lianjia.com/xiaoqu/8708134124051579/
水岸人家,https://huzhou.lianjia.com/xiaoqu/8708134026534530/
山水华庭东苑,https://huzhou.lianjia.com/xiaoqu/8708137536226750/
建设新村,https://huzhou.lianjia.com/xiaoqu/8708133864971139/
灵峰山庄,https://huzhou.lianjia.com/xiaoqu/8708127031640411/
递铺印象,https://huzhou.lianjia.com/xiaoqu/8708137563486762/
东辉苑,https://huzhou.lianjia.com/xiaoqu/8708128601024128/
金陵现代城兴和里,https://huzhou.lianjia.com/xiaoqu/8708135072167514/
华乐小区,https://huzhou.lianjia.com/xiaoqu/8708135192942723/
太湖之星,https://huzhou.lianjia.com/xiaoqu/8708135426930514/
余英东区,https://huzhou.lianjia.com/xiaoqu/8708133691848707/
垄山北区,https://huzhou.lianjia.com/xiaoqu/8708128628288480/
应家潭小区,https://huzhou.lianjia.com/xiaoqu/8708135929381267/
富力绿地・西湖观邸,https://huzhou.lianjia.com/xiaoqu/8708143686219999/
吴越嘉苑,https://huzhou.lianjia.com/xiaoqu/8708151783885471/
碧桂园天玺,https://huzhou.lianjia.com/xiaoqu/8708147628654979/
东街迎春弄,https://huzhou.lianjia.com/xiaoqu/87080000000381/
清水湾,https://huzhou.lianjia.com/xiaoqu/87080000000148/
中央花园,https://huzhou.lianjia.com/xiaoqu/8708133129539919/
怡和家园,https://huzhou.lianjia.com/xiaoqu/8708128702830063/
安泰凤凰名城,https://huzhou.lianjia.com/xiaoqu/8708133996131137/
祥生浔越,https://huzhou.lianjia.com/xiaoqu/8708131899070134/
苏家园小区,https://huzhou.lianjia.com/xiaoqu/8708128611515390/
光明・中央公园,https://huzhou.lianjia.com/xiaoqu/8708128751162928/
莲花庄小区,https://huzhou.lianjia.com/xiaoqu/8708128617797665/
都市家园二区,https://huzhou.lianjia.com/xiaoqu/8708128675474635/
爱家曦霖樾,https://huzhou.lianjia.com/xiaoqu/8708150218975377/
春风里南苑,https://huzhou.lianjia.com/xiaoqu/8708145690606623/
国际花园,https://huzhou.lianjia.com/xiaoqu/8708128579003572/
新城雾山嘉园,https://huzhou.lianjia.com/xiaoqu/8708130720941681/
光明香樟园,https://huzhou.lianjia.com/xiaoqu/8708142772806954/
德信春风里,https://huzhou.lianjia.com/xiaoqu/8708148232647099/
置地商业广场住宅区,https://huzhou.lianjia.com/xiaoqu/8708152230596114/
万景花苑,https://huzhou.lianjia.com/xiaoqu/8708150242091928/
东盛家园,https://huzhou.lianjia.com/xiaoqu/87080000001037/
城央名邸,https://huzhou.lianjia.com/xiaoqu/87080000001023/
浒溪花园,https://huzhou.lianjia.com/xiaoqu/8708153168183017/
万景花苑,https://huzhou.lianjia.com/xiaoqu/8708150242091928/
百悦新园,https://huzhou.lianjia.com/xiaoqu/87080000001156/
安吉绿城柳岸晓风,https://huzhou.lianjia.com/xiaoqu/8708135728999838/
置地商业广场住宅区,https://huzhou.lianjia.com/xiaoqu/8708152230596114/
汇景园,https://huzhou.lianjia.com/xiaoqu/87080000001152/
滨湖花园,https://huzhou.lianjia.com/xiaoqu/87080000001162/
百悦锦园,https://huzhou.lianjia.com/xiaoqu/87080000001163/
太湖天萃,https://huzhou.lianjia.com/xiaoqu/8708154798887162/
千龙茗苑,https://huzhou.lianjia.com/xiaoqu/8708133871276109/
唐韵B区,https://huzhou.lianjia.com/xiaoqu/87080000001149/
邵家墩花苑,https://huzhou.lianjia.com/xiaoqu/87080000001273/
海伦堡星悦,https://huzhou.lianjia.com/xiaoqu/8708135696430801/
余英东区,https://huzhou.lianjia.com/xiaoqu/8708133691848707/
城央名邸,https://huzhou.lianjia.com/xiaoqu/87080000001023/
常增路236弄,https://huzhou.lianjia.com/xiaoqu/8708153643193292/
丰稍,https://huzhou.lianjia.com/xiaoqu/8708128591584681/
东馨商住楼,https://huzhou.lianjia.com/xiaoqu/8708139221648030/
浦源城,https://huzhou.lianjia.com/xiaoqu/8708134472318864/
统一家园,https://huzhou.lianjia.com/xiaoqu/8708128612562529/
众鑫广场,https://huzhou.lianjia.com/xiaoqu/8708128612566328/
师范教师宿舍,https://huzhou.lianjia.com/xiaoqu/8708134043310022/
恒大金陵悦府,https://huzhou.lianjia.com/xiaoqu/8708140416115309/
旅游大厦,https://huzhou.lianjia.com/xiaoqu/8708142393141667/
新城铭楼,https://huzhou.lianjia.com/xiaoqu/8708139600181891/
富力绿地・西湖观邸,https://huzhou.lianjia.com/xiaoqu/8708143686219999/
上下塘社区,https://huzhou.lianjia.com/xiaoqu/8708135077418354/
垄山北区,https://huzhou.lianjia.com/xiaoqu/8708128628288480/
应家潭小区,https://huzhou.lianjia.com/xiaoqu/8708135929381267/
吴越嘉苑,https://huzhou.lianjia.com/xiaoqu/8708151783885471/
绿城诚园,https://huzhou.lianjia.com/xiaoqu/8708134041225456/
融创溪桃源,https://huzhou.lianjia.com/xiaoqu/8708134191210421/
景美湾,https://huzhou.lianjia.com/xiaoqu/87080000002472/
马军巷小区南区,https://huzhou.lianjia.com/xiaoqu/8708128583198726/
梦想府,https://huzhou.lianjia.com/xiaoqu/8708130466032476/
爱家华城,https://huzhou.lianjia.com/xiaoqu/8708128662891473/
石榴和风雅苑,https://huzhou.lianjia.com/xiaoqu/8708137235166133/
春江名城,https://huzhou.lianjia.com/xiaoqu/8708128650306108/
卡丽兰花园,https://huzhou.lianjia.com/xiaoqu/8708128710243609/
华丰小区,https://huzhou.lianjia.com/xiaoqu/8708128765835200/
健康城观澜苑,https://huzhou.lianjia.com/xiaoqu/87080000000168/
绿城太湖明月,https://huzhou.lianjia.com/xiaoqu/8708139523682606/
青青家园,https://huzhou.lianjia.com/xiaoqu/8708134483714668/
浮玉花园,https://huzhou.lianjia.com/xiaoqu/8708134048552026/
同建大诚首府,https://huzhou.lianjia.com/xiaoqu/8708137224636236/
文苑小区,https://huzhou.lianjia.com/xiaoqu/8708128651359094/
太湖公馆,https://huzhou.lianjia.com/xiaoqu/8708125958193581/
美颂现代城,https://huzhou.lianjia.com/xiaoqu/87080000000801/
碧浪湖居住区碧潮苑,https://huzhou.lianjia.com/xiaoqu/8708134118802739/
铂金公馆南苑,https://huzhou.lianjia.com/xiaoqu/8708138870200006/
碧桂园玉翠湾,https://huzhou.lianjia.com/xiaoqu/8708150270400787/
竹博雅园,https://huzhou.lianjia.com/xiaoqu/8708130464986060/
市陌西区,https://huzhou.lianjia.com/xiaoqu/8708128684911823/
香墅湾,https://huzhou.lianjia.com/xiaoqu/8708128753248864/
龙禧公寓,https://huzhou.lianjia.com/xiaoqu/8708135193986229/
罗马风情城,https://huzhou.lianjia.com/xiaoqu/8708134041213808/
碧桂园凤凰湾南浔公馆,https://huzhou.lianjia.com/xiaoqu/8708144933407807/
碧桂园田园里东区,https://huzhou.lianjia.com/xiaoqu/8708142791647170/
南公馆,https://huzhou.lianjia.com/xiaoqu/87080000002233/
清和轩,https://huzhou.lianjia.com/xiaoqu/8708155854926137/
香溪美庭,https://huzhou.lianjia.com/xiaoqu/8708134034935603/
华都龙山玺园,https://huzhou.lianjia.com/xiaoqu/8708134257232096/
东方绿洲,https://huzhou.lianjia.com/xiaoqu/8708133154677029/
龙溪小区,https://huzhou.lianjia.com/xiaoqu/8708128562229779/
金桂花园,https://huzhou.lianjia.com/xiaoqu/8708133636172126/
恒隆府,https://huzhou.lianjia.com/xiaoqu/8708134053806980/
金融小区,https://huzhou.lianjia.com/xiaoqu/8708134829953337/
祥和社区,https://huzhou.lianjia.com/xiaoqu/8708133613062312/
都市家园二区,https://huzhou.lianjia.com/xiaoqu/8708128675474635/
得力・浅水湾,https://huzhou.lianjia.com/xiaoqu/8708128650304348/
云山花苑,https://huzhou.lianjia.com/xiaoqu/87080000002458/
爱都花园,https://huzhou.lianjia.com/xiaoqu/8708128591584703/
碧波苑小区,https://huzhou.lianjia.com/xiaoqu/8708134050656673/
上林佳苑,https://huzhou.lianjia.com/xiaoqu/87080000002456/
金龙家苑,https://huzhou.lianjia.com/xiaoqu/8708128663938886/
百盛国际名都,https://huzhou.lianjia.com/xiaoqu/8708134369470681/
中央花园,https://huzhou.lianjia.com/xiaoqu/8708133129539919/
怡和家园,https://huzhou.lianjia.com/xiaoqu/8708128702830063/
中利达花园,https://huzhou.lianjia.com/xiaoqu/8708133635105686/
德华美立方,https://huzhou.lianjia.com/xiaoqu/8708133870217855/
安泰凤凰名城,https://huzhou.lianjia.com/xiaoqu/8708133996131137/
尊@,https://huzhou.lianjia.com/xiaoqu/8708128678618634/
凤凰一村北区,https://huzhou.lianjia.com/xiaoqu/8708128568517045/
星福家园,https://huzhou.lianjia.com/xiaoqu/87080000002245/
祥生浔越,https://huzhou.lianjia.com/xiaoqu/8708131899070134/
莲花庄小区,https://huzhou.lianjia.com/xiaoqu/8708128617797665/
新城雾山嘉园,https://huzhou.lianjia.com/xiaoqu/8708130720941681/
世茂云珑湾,https://huzhou.lianjia.com/xiaoqu/8708139258374080/
蓝色港湾,https://huzhou.lianjia.com/xiaoqu/8708133745407796/
民心小区,https://huzhou.lianjia.com/xiaoqu/8708133613104277/
孔雀城水韵悦府,https://huzhou.lianjia.com/xiaoqu/8708154550316122/
碧桂园城市之光,https://huzhou.lianjia.com/xiaoqu/8708142843110085/
云山府,https://huzhou.lianjia.com/xiaoqu/8708132560052642/
富力城,https://huzhou.lianjia.com/xiaoqu/8708128702834091/
奥园朗境园,https://huzhou.lianjia.com/xiaoqu/8708138603839415/
紫云小区,https://huzhou.lianjia.com/xiaoqu/8708128679675357/
九曲龙庭,https://huzhou.lianjia.com/xiaoqu/87080000002237/
贝尚湾,https://huzhou.lianjia.com/xiaoqu/8708150526278473/
嘉鸿苑,https://huzhou.lianjia.com/xiaoqu/8708135011361057/
城河花园,https://huzhou.lianjia.com/xiaoqu/87080000003614/
东白鱼潭小区,https://huzhou.lianjia.com/xiaoqu/8708128691206104/
檀香园,https://huzhou.lianjia.com/xiaoqu/8708134019187771/
望湖花园天韵苑,https://huzhou.lianjia.com/xiaoqu/8708128587396119/
港达・太湖天地,https://huzhou.lianjia.com/xiaoqu/8708144781382641/
台湾晓墅,https://huzhou.lianjia.com/xiaoqu/8708133484156564/
百悦博园,https://huzhou.lianjia.com/xiaoqu/8708153035022593/
白米塘小区,https://huzhou.lianjia.com/xiaoqu/8708134000318333/
上实雍景湾,https://huzhou.lianjia.com/xiaoqu/87080000000797/
健康城映月里,https://huzhou.lianjia.com/xiaoqu/87080000002678/
港西家园,https://huzhou.lianjia.com/xiaoqu/8708128641924699/
幸福里(安吉县),https://huzhou.lianjia.com/xiaoqu/8708134577184749/
得力金宸湾,https://huzhou.lianjia.com/xiaoqu/8708137798376779/
东苑新村,https://huzhou.lianjia.com/xiaoqu/8708133868181505/
龙山御园,https://huzhou.lianjia.com/xiaoqu/8708135425876674/
仁北家园,https://huzhou.lianjia.com/xiaoqu/8708128641926966/
大家漾山府,https://huzhou.lianjia.com/xiaoqu/8708155580155252/
富力城御西湖,https://huzhou.lianjia.com/xiaoqu/87080000000695/
佳源奚塘景城,https://huzhou.lianjia.com/xiaoqu/87080000000173/
诺德上湖城,https://huzhou.lianjia.com/xiaoqu/8708128762694399/
骏宏兴樾府,https://huzhou.lianjia.com/xiaoqu/8708141537314803/
祥和花苑,https://huzhou.lianjia.com/xiaoqu/87080000003509/
碧桂园齐山庄园,https://huzhou.lianjia.com/xiaoqu/87080000001502/
碧桂园时代剑桥郡,https://huzhou.lianjia.com/xiaoqu/8708139608628355/
碧桂园玉翠湾,https://huzhou.lianjia.com/xiaoqu/8708150270400787/
竹博雅园,https://huzhou.lianjia.com/xiaoqu/8708130464986060/
太湖公馆,https://huzhou.lianjia.com/xiaoqu/8708125958193581/
美颂现代城,https://huzhou.lianjia.com/xiaoqu/87080000000801/
市陌西区,https://huzhou.lianjia.com/xiaoqu/8708128684911823/
世茂云珑湾,https://huzhou.lianjia.com/xiaoqu/8708139258374080/
金陵北路64号,https://huzhou.lianjia.com/xiaoqu/87080000010737/
民心小区,https://huzhou.lianjia.com/xiaoqu/8708133613104277/
美都现代城,https://huzhou.lianjia.com/xiaoqu/8708133845052758/
都市桃源,https://huzhou.lianjia.com/xiaoqu/8708133873361653/
蓝色港湾,https://huzhou.lianjia.com/xiaoqu/8708133745407796/
碧桂园书香名苑,https://huzhou.lianjia.com/xiaoqu/8708140237943948/
利嘉君阅国际,https://huzhou.lianjia.com/xiaoqu/8708133986701182/
锦绣水岸,https://huzhou.lianjia.com/xiaoqu/8708153340162277/
南园小区一期,https://huzhou.lianjia.com/xiaoqu/8708128583199068/
米西花园,https://huzhou.lianjia.com/xiaoqu/8708133118006569/
金泉花园,https://huzhou.lianjia.com/xiaoqu/8708128569570064/
万华公馆,https://huzhou.lianjia.com/xiaoqu/8708134211082237/
市陌路小区,https://huzhou.lianjia.com/xiaoqu/8708128666033754/
碧桂园田园里西区,https://huzhou.lianjia.com/xiaoqu/8708142774875484/
滨河园,https://huzhou.lianjia.com/xiaoqu/8708128575859651/
安吉景都天鹅湾,https://huzhou.lianjia.com/xiaoqu/8708137311702717/
江南华苑,https://huzhou.lianjia.com/xiaoqu/8708128579006767/
山水华庭北苑,https://huzhou.lianjia.com/xiaoqu/8708137512107623/
富丽家园东区,https://huzhou.lianjia.com/xiaoqu/8708128593681138/
天目新村,https://huzhou.lianjia.com/xiaoqu/8708133863922170/
巴黎春天,https://huzhou.lianjia.com/xiaoqu/8708128670229005/
中央花园,https://huzhou.lianjia.com/xiaoqu/8708133129539919/
怡和家园,https://huzhou.lianjia.com/xiaoqu/8708128702830063/
中利达花园,https://huzhou.lianjia.com/xiaoqu/8708133635105686/
德华美立方,https://huzhou.lianjia.com/xiaoqu/8708133870217855/
安泰凤凰名城,https://huzhou.lianjia.com/xiaoqu/8708133996131137/
百盛国际名都,https://huzhou.lianjia.com/xiaoqu/8708134369470681/
光明・中央公园,https://huzhou.lianjia.com/xiaoqu/8708128751162928/
德信春风里,https://huzhou.lianjia.com/xiaoqu/8708148232647099/
爱家曦霖樾,https://huzhou.lianjia.com/xiaoqu/8708150218975377/
风雅O洲,https://huzhou.lianjia.com/xiaoqu/8708128585295527/
翠竹小区,https://huzhou.lianjia.com/xiaoqu/8708134115655219/
印湖Z园,https://huzhou.lianjia.com/xiaoqu/87080000000151/
翠苑小区(德清县),https://huzhou.lianjia.com/xiaoqu/8708133661380564/
融创江南桃源,https://huzhou.lianjia.com/xiaoqu/8708145284770070/
新城雾山嘉园,https://huzhou.lianjia.com/xiaoqu/8708130720941681/
云山花苑,https://huzhou.lianjia.com/xiaoqu/87080000002458/
金龙家苑,https://huzhou.lianjia.com/xiaoqu/8708128663938886/
上林佳苑,https://huzhou.lianjia.com/xiaoqu/87080000002456/
得力・浅水湾,https://huzhou.lianjia.com/xiaoqu/8708128650304348/
爱都花园,https://huzhou.lianjia.com/xiaoqu/8708128591584703/
祥生浔越,https://huzhou.lianjia.com/xiaoqu/8708131899070134/
春风里南苑,https://huzhou.lianjia.com/xiaoqu/8708145690606623/
国际花园,https://huzhou.lianjia.com/xiaoqu/8708128579003572/
苏家园小区,https://huzhou.lianjia.com/xiaoqu/8708128611515390/
港中旅和乐小镇,https://huzhou.lianjia.com/xiaoqu/8708144426787543/
卡丽兰花园,https://huzhou.lianjia.com/xiaoqu/8708128710243609/
狮子巷社区,https://huzhou.lianjia.com/xiaoqu/8708128597886941/
爱家华城,https://huzhou.lianjia.com/xiaoqu/8708128662891473/
春江名城,https://huzhou.lianjia.com/xiaoqu/8708128650306108/
华丰小区,https://huzhou.lianjia.com/xiaoqu/8708128765835200/
太湖健康城伴月湾,https://huzhou.lianjia.com/xiaoqu/87080000002257/
尚城嘉苑,https://huzhou.lianjia.com/xiaoqu/8708133967812190/
德信浔庄苑,https://huzhou.lianjia.com/xiaoqu/8708132786573201/
融创江南桃源,https://huzhou.lianjia.com/xiaoqu/8708145284770070/
金桂花园,https://huzhou.lianjia.com/xiaoqu/8708133636172126/
星福家园,https://huzhou.lianjia.com/xiaoqu/87080000002245/
凤凰一村北区,https://huzhou.lianjia.com/xiaoqu/8708128568517045/
恒隆府,https://huzhou.lianjia.com/xiaoqu/8708134053806980/
尊@,https://huzhou.lianjia.com/xiaoqu/8708128678618634/
金融小区,https://huzhou.lianjia.com/xiaoqu/8708134829953337/
祥和社区,https://huzhou.lianjia.com/xiaoqu/8708133613062312/
龙溪小区,https://huzhou.lianjia.com/xiaoqu/8708128562229779/
中利达花园,https://huzhou.lianjia.com/xiaoqu/8708133635105686/
德华美立方,https://huzhou.lianjia.com/xiaoqu/8708133870217855/
百盛国际名都,https://huzhou.lianjia.com/xiaoqu/8708134369470681/
得力・浅水湾,https://huzhou.lianjia.com/xiaoqu/8708128650304348/
云山花苑,https://huzhou.lianjia.com/xiaoqu/87080000002458/
爱都花园,https://huzhou.lianjia.com/xiaoqu/8708128591584703/
金龙家苑,https://huzhou.lianjia.com/xiaoqu/8708128663938886/
上林佳苑,https://huzhou.lianjia.com/xiaoqu/87080000002456/
美颂广场,https://huzhou.lianjia.com/xiaoqu/8708134665318518/
太湖颐和山庄,https://huzhou.lianjia.com/xiaoqu/8708133141046468/
云宇财富城,https://huzhou.lianjia.com/xiaoqu/8708133147337000/
景鸿铭城,https://huzhou.lianjia.com/xiaoqu/8708128654504184/
龙溪苑,https://huzhou.lianjia.com/xiaoqu/8708128555937415/
翠竹小区,https://huzhou.lianjia.com/xiaoqu/8708134115655219/
印湖Z园,https://huzhou.lianjia.com/xiaoqu/87080000000151/
风雅O洲,https://huzhou.lianjia.com/xiaoqu/8708128585295527/
翠苑小区(德清县),https://huzhou.lianjia.com/xiaoqu/8708133661380564/
港润园一期,https://huzhou.lianjia.com/xiaoqu/8708128663937686/
铂金公馆南苑,https://huzhou.lianjia.com/xiaoqu/8708138870200006/
太湖公馆,https://huzhou.lianjia.com/xiaoqu/8708125958193581/
市陌西区,https://huzhou.lianjia.com/xiaoqu/8708128684911823/
碧桂园凤凰湾南浔公馆,https://huzhou.lianjia.com/xiaoqu/8708144933407807/
罗马风情城,https://huzhou.lianjia.com/xiaoqu/8708134041213808/
紫云小区,https://huzhou.lianjia.com/xiaoqu/8708128679675357/
碧桂园城市之光,https://huzhou.lianjia.com/xiaoqu/8708142843110085/
碧桂园十里春风,https://huzhou.lianjia.com/xiaoqu/8708140600793372/
云山府,https://huzhou.lianjia.com/xiaoqu/8708132560052642/
祥生东方樾云山,https://huzhou.lianjia.com/xiaoqu/8708132055378068/
九曲龙庭,https://huzhou.lianjia.com/xiaoqu/87080000002237/
富力城,https://huzhou.lianjia.com/xiaoqu/8708128702834091/
孔雀城水韵悦府,https://huzhou.lianjia.com/xiaoqu/8708154550316122/
奥园朗境园,https://huzhou.lianjia.com/xiaoqu/8708138603839415/
镜水蓝庭,https://huzhou.lianjia.com/xiaoqu/8708133130589037/
祥生玖溪,https://huzhou.lianjia.com/xiaoqu/87080000004746/
嘉鸿苑,https://huzhou.lianjia.com/xiaoqu/8708135011361057/
幸福里(安吉县),https://huzhou.lianjia.com/xiaoqu/8708134577184749/
港西家园,https://huzhou.lianjia.com/xiaoqu/8708128641924699/
健康城映月里,https://huzhou.lianjia.com/xiaoqu/87080000002678/
贝尚湾,https://huzhou.lianjia.com/xiaoqu/8708150526278473/
城河花园,https://huzhou.lianjia.com/xiaoqu/87080000003614/
檀香园,https://huzhou.lianjia.com/xiaoqu/8708134019187771/
龙山御园,https://huzhou.lianjia.com/xiaoqu/8708135425876674/
东白鱼潭小区,https://huzhou.lianjia.com/xiaoqu/8708128691206104/
仁北家园,https://huzhou.lianjia.com/xiaoqu/8708128641926966/
望湖花园天韵苑,https://huzhou.lianjia.com/xiaoqu/8708128587396119/
东苑新村,https://huzhou.lianjia.com/xiaoqu/8708133868181505/
港达・太湖天地,https://huzhou.lianjia.com/xiaoqu/8708144781382641/
台湾晓墅,https://huzhou.lianjia.com/xiaoqu/8708133484156564/
港达・太湖天地,https://huzhou.lianjia.com/xiaoqu/8708144781382641/
上实雍景湾,https://huzhou.lianjia.com/xiaoqu/87080000000797/
富力城,https://huzhou.lianjia.com/xiaoqu/8708128702834091/
祥生玖溪,https://huzhou.lianjia.com/xiaoqu/87080000004746/
孔雀城水韵悦府,https://huzhou.lianjia.com/xiaoqu/8708154550316122/
祥生东方樾云山,https://huzhou.lianjia.com/xiaoqu/8708132055378068/
碧桂园城市之光,https://huzhou.lianjia.com/xiaoqu/8708142843110085/
碧桂园十里春风,https://huzhou.lianjia.com/xiaoqu/8708140600793372/
镜水蓝庭,https://huzhou.lianjia.com/xiaoqu/8708133130589037/
九曲龙庭,https://huzhou.lianjia.com/xiaoqu/87080000002237/
云山府,https://huzhou.lianjia.com/xiaoqu/8708132560052642/
奥园朗境园,https://huzhou.lianjia.com/xiaoqu/8708138603839415/
祥和花苑,https://huzhou.lianjia.com/xiaoqu/87080000003509/
绿城龙王溪,https://huzhou.lianjia.com/xiaoqu/8708130683192152/
东郡红树湾,https://huzhou.lianjia.com/xiaoqu/8708128677577648/
御景新城,https://huzhou.lianjia.com/xiaoqu/8708128610460940/
赞成名仕府,https://huzhou.lianjia.com/xiaoqu/8708128628294387/
凯莱国际,https://huzhou.lianjia.com/xiaoqu/8708128614653085/
久立湖东府,https://huzhou.lianjia.com/xiaoqu/8708128677570423/
华萃庭院,https://huzhou.lianjia.com/xiaoqu/8708134176494978/
玲珑湾,https://huzhou.lianjia.com/xiaoqu/8708128604172552/
半岛领邸,https://huzhou.lianjia.com/xiaoqu/8708134227919926/
逸景,https://huzhou.lianjia.com/xiaoqu/8708134400934230/
绿色家@,https://huzhou.lianjia.com/xiaoqu/8708128610465737/
枫雅居,https://huzhou.lianjia.com/xiaoqu/8708134276156990/
紫竹山庄,https://huzhou.lianjia.com/xiaoqu/8708134337963492/
祥和花园西区,https://huzhou.lianjia.com/xiaoqu/8708128670228377/
金色水岸,https://huzhou.lianjia.com/xiaoqu/8708128589486544/
友谊新村,https://huzhou.lianjia.com/xiaoqu/8708128625142141/
原乡小镇,https://huzhou.lianjia.com/xiaoqu/8708134175473578/
香墅里,https://huzhou.lianjia.com/xiaoqu/8708128677575737/
乔梓巷小区,https://huzhou.lianjia.com/xiaoqu/8708128619900338/
新雅花园,https://huzhou.lianjia.com/xiaoqu/8708133148384395/
卡地亚庄园,https://huzhou.lianjia.com/xiaoqu/8708133130586354/
浙北商业广场,https://huzhou.lianjia.com/xiaoqu/8708133130588112/
在水一方家园,https://huzhou.lianjia.com/xiaoqu/8708128607319236/
兰怡居,https://huzhou.lianjia.com/xiaoqu/8708134236312268/
嘉凯城太湖阳光假日,https://huzhou.lianjia.com/xiaoqu/8708134250986155/
海德花园,https://huzhou.lianjia.com/xiaoqu/8708134346408497/
环城北路新村,https://huzhou.lianjia.com/xiaoqu/8708134420861351/
太湖山水人家,https://huzhou.lianjia.com/xiaoqu/8708134611776726/
山水华府,https://huzhou.lianjia.com/xiaoqu/8708128616753200/
御园松泉苑,https://huzhou.lianjia.com/xiaoqu/8708134627588368/
枫雅居,https://huzhou.lianjia.com/xiaoqu/8708134276156990/
嘉凯城太湖阳光假日,https://huzhou.lianjia.com/xiaoqu/8708134250986155/
金色水岸,https://huzhou.lianjia.com/xiaoqu/8708128589486544/
太湖山水人家,https://huzhou.lianjia.com/xiaoqu/8708134611776726/
山水华府,https://huzhou.lianjia.com/xiaoqu/8708128616753200/
御园松泉苑,https://huzhou.lianjia.com/xiaoqu/8708134627588368/
云峰苑,https://huzhou.lianjia.com/xiaoqu/8708128652409591/
赞成学士府,https://huzhou.lianjia.com/xiaoqu/8708128663944943/
天玺别墅,https://huzhou.lianjia.com/xiaoqu/8708134605554278/
金世纪铭城,https://huzhou.lianjia.com/xiaoqu/8708128585299009/
莫干山观云小镇,https://huzhou.lianjia.com/xiaoqu/8708134175474785/
中央府邸,https://huzhou.lianjia.com/xiaoqu/8708134190170517/
浒畔居西区,https://huzhou.lianjia.com/xiaoqu/8708134162907602/
紫金花园(安吉县),https://huzhou.lianjia.com/xiaoqu/8708134045411921/
在水一方家园,https://huzhou.lianjia.com/xiaoqu/8708128607319236/
紫竹山庄,https://huzhou.lianjia.com/xiaoqu/8708134337963492/
章计村小区,https://huzhou.lianjia.com/xiaoqu/8708128593683754/
东庄弄小区,https://huzhou.lianjia.com/xiaoqu/8708135653513149/
吉山新村(计家桥路),https://huzhou.lianjia.com/xiaoqu/8708128597878899/
余家漾汀洲苑,https://huzhou.lianjia.com/xiaoqu/8708128640874111/
祥生悦山湖,https://huzhou.lianjia.com/xiaoqu/8708128601029500/
明珠花园,https://huzhou.lianjia.com/xiaoqu/8708133144190025/
月河街道吉山一社区,https://huzhou.lianjia.com/xiaoqu/8708128610463572/
月河街道吉山二社区,https://huzhou.lianjia.com/xiaoqu/8708128592633326/
金宸花园,https://huzhou.lianjia.com/xiaoqu/8708128616750471/
景瑞望府,https://huzhou.lianjia.com/xiaoqu/8708133129540365/
天玺花园,https://huzhou.lianjia.com/xiaoqu/8708134608701253/
仁皇山庄,https://huzhou.lianjia.com/xiaoqu/8708128637729162/
万联凤凰城,https://huzhou.lianjia.com/xiaoqu/8708128553845156/
日月中央世家,https://huzhou.lianjia.com/xiaoqu/8708129791569189/
恒都香缇溪岸,https://huzhou.lianjia.com/xiaoqu/8708126056154795/
德信一里洋房,https://huzhou.lianjia.com/xiaoqu/8708134484895541/
美都御府,https://huzhou.lianjia.com/xiaoqu/8708133028836756/
金都阳光田园,https://huzhou.lianjia.com/xiaoqu/8708133565917290/
芝里新村一区,https://huzhou.lianjia.com/xiaoqu/8708134973612375/
大发融悦四季,https://huzhou.lianjia.com/xiaoqu/8708138299728994/
星月湾,https://huzhou.lianjia.com/xiaoqu/87080000001480/
缓山荷院,https://huzhou.lianjia.com/xiaoqu/87080000001504/
天使小镇陌上花开,https://huzhou.lianjia.com/xiaoqu/8708156515543979/
蓝城观云小镇,https://huzhou.lianjia.com/xiaoqu/87080000001145/
滨江棕榈十里春晓,https://huzhou.lianjia.com/xiaoqu/87080000000800/
城北小区滨河苑,https://huzhou.lianjia.com/xiaoqu/8708133154675525/
秀水华庭君澜苑,https://huzhou.lianjia.com/xiaoqu/87080000001723/
章计村小区,https://huzhou.lianjia.com/xiaoqu/8708128593683754/
吉山新村(计家桥路),https://huzhou.lianjia.com/xiaoqu/8708128597878899/
景瑞望府,https://huzhou.lianjia.com/xiaoqu/8708133129540365/
天玺花园,https://huzhou.lianjia.com/xiaoqu/8708134608701253/
玉园,https://huzhou.lianjia.com/xiaoqu/8708135457322110/
九川滨河国际,https://huzhou.lianjia.com/xiaoqu/8708133153628452/
达昌新村,https://huzhou.lianjia.com/xiaoqu/8708128574817910/
安吉缓山铂岭,https://huzhou.lianjia.com/xiaoqu/8708123751230522/
章计村二期,https://huzhou.lianjia.com/xiaoqu/8708128577957997/
香山花园,https://huzhou.lianjia.com/xiaoqu/8708134892869976/
河滨花园,https://huzhou.lianjia.com/xiaoqu/8708134608619784/
湖州军分区干休所,https://huzhou.lianjia.com/xiaoqu/8708139048634364/
中地凯旋宫,https://huzhou.lianjia.com/xiaoqu/8708133152581017/
佳境名城-锦和苑,https://huzhou.lianjia.com/xiaoqu/8708133154676282/
后寨小区,https://huzhou.lianjia.com/xiaoqu/8708133863928647/
香溪悦府,https://huzhou.lianjia.com/xiaoqu/8708128654502019/
杭州大厦大都汇,https://huzhou.lianjia.com/xiaoqu/8708122387515546/
龙山庄园,https://huzhou.lianjia.com/xiaoqu/8708139953712573/
龙山庄园山语墅,https://huzhou.lianjia.com/xiaoqu/8708126661395919/
白漾港小区,https://huzhou.lianjia.com/xiaoqu/8708128666043167/
凤栖花园东区,https://huzhou.lianjia.com/xiaoqu/8708134047510388/
云溪公寓,https://huzhou.lianjia.com/xiaoqu/87080000000043/
五峰山枫林山居,https://huzhou.lianjia.com/xiaoqu/8708125429665176/
恒都香缇溪岸,https://huzhou.lianjia.com/xiaoqu/8708126056154795/
安吉缓山铂岭,https://huzhou.lianjia.com/xiaoqu/8708123751230522/
章计村二期,https://huzhou.lianjia.com/xiaoqu/8708128577957997/
达昌新村,https://huzhou.lianjia.com/xiaoqu/8708128574817910/
九川滨河国际,https://huzhou.lianjia.com/xiaoqu/8708133153628452/
佳境名城-锦和苑,https://huzhou.lianjia.com/xiaoqu/8708133154676282/
香山花园,https://huzhou.lianjia.com/xiaoqu/8708134892869976/
河滨花园,https://huzhou.lianjia.com/xiaoqu/8708134608619784/
后寨小区,https://huzhou.lianjia.com/xiaoqu/8708133863928647/
香溪悦府,https://huzhou.lianjia.com/xiaoqu/8708128654502019/
凤凰新村三区,https://huzhou.lianjia.com/xiaoqu/8708134286633199/
美泉宫御冠园,https://huzhou.lianjia.com/xiaoqu/8708142642733020/
凤凰四区,https://huzhou.lianjia.com/xiaoqu/8708134225777067/
人民路住宅小区,https://huzhou.lianjia.com/xiaoqu/8708144580026831/
玉园,https://huzhou.lianjia.com/xiaoqu/8708135457322110/
双街小区,https://huzhou.lianjia.com/xiaoqu/8708134034935508/
宇诚御景园,https://huzhou.lianjia.com/xiaoqu/8708133129539972/
海明商住广场,https://huzhou.lianjia.com/xiaoqu/8708128556990603/
水木花都秀水苑,https://huzhou.lianjia.com/xiaoqu/8708133968861883/
领域龙山,https://huzhou.lianjia.com/xiaoqu/8708133130587308/
画溪・玫瑰园,https://huzhou.lianjia.com/xiaoqu/8708133118007037/
莱茵河畔,https://huzhou.lianjia.com/xiaoqu/8708125958196507/
新世纪花园,https://huzhou.lianjia.com/xiaoqu/8708133156772693/
五丰福地,https://huzhou.lianjia.com/xiaoqu/8708134192222302/
凤凰四区,https://huzhou.lianjia.com/xiaoqu/8708134225777067/
人民路住宅小区,https://huzhou.lianjia.com/xiaoqu/8708144580026831/
达昌府,https://huzhou.lianjia.com/xiaoqu/8708153413559514/
滨江棕榈十里春晓,https://huzhou.lianjia.com/xiaoqu/87080000000800/
河滨花园,https://huzhou.lianjia.com/xiaoqu/8708134608619784/
香山花园,https://huzhou.lianjia.com/xiaoqu/8708134892869976/
信业仁皇悦,https://huzhou.lianjia.com/xiaoqu/8708139002297608/
华纺湖誉府,https://huzhou.lianjia.com/xiaoqu/8708153289841983/
银杏f园,https://huzhou.lianjia.com/xiaoqu/87080000001157/
星月湾,https://huzhou.lianjia.com/xiaoqu/87080000001480/
大发融悦四季,https://huzhou.lianjia.com/xiaoqu/8708138299728994/
缓山荷院,https://huzhou.lianjia.com/xiaoqu/87080000001504/
城北小区滨河苑,https://huzhou.lianjia.com/xiaoqu/8708133154675525/
天使小镇陌上花开,https://huzhou.lianjia.com/xiaoqu/8708156515543979/
秀水华庭君澜苑,https://huzhou.lianjia.com/xiaoqu/87080000001723/
凤凰新村一区,https://huzhou.lianjia.com/xiaoqu/8708135121636871/
蓝光雍锦园,https://huzhou.lianjia.com/xiaoqu/8708138315474730/
赞成隐庐,https://huzhou.lianjia.com/xiaoqu/8708138478000938/
新城吾悦广场,https://huzhou.lianjia.com/xiaoqu/8708144421478838/
紫竹苑,https://huzhou.lianjia.com/xiaoqu/8708136708720350/
祥生交投悦江南,https://huzhou.lianjia.com/xiaoqu/8708138949862031/
美岸华府,https://huzhou.lianjia.com/xiaoqu/8708146047220042/
大家九莲府,https://huzhou.lianjia.com/xiaoqu/87080000000165/
紫薇苑,https://huzhou.lianjia.com/xiaoqu/8708137686213383/
凤凰新村三区,https://huzhou.lianjia.com/xiaoqu/8708134286633199/
杭州大厦大都汇,https://huzhou.lianjia.com/xiaoqu/8708122387515546/
中房盛世华庭,https://huzhou.lianjia.com/xiaoqu/8708128581106627/
银杏花苑,https://huzhou.lianjia.com/xiaoqu/8708133133733880/
翡翠城,https://huzhou.lianjia.com/xiaoqu/8708133854439243/
德信一里洋房,https://huzhou.lianjia.com/xiaoqu/8708134484895541/
东港景园,https://huzhou.lianjia.com/xiaoqu/87080000001728/
达昌府,https://huzhou.lianjia.com/xiaoqu/8708153413559514/
秀水华庭君澜苑,https://huzhou.lianjia.com/xiaoqu/87080000001723/
德信玫瑰庄园,https://huzhou.lianjia.com/xiaoqu/8708133766362462/
美岸华府,https://huzhou.lianjia.com/xiaoqu/8708146047220042/
信业仁皇悦,https://huzhou.lianjia.com/xiaoqu/8708139002297608/
湘园,https://huzhou.lianjia.com/xiaoqu/87080000011548/
大家安吉金麟府,https://huzhou.lianjia.com/xiaoqu/87080000016304/
龙山庄园临湖台,https://huzhou.lianjia.com/xiaoqu/87080000010236/
龙悦江南,https://huzhou.lianjia.com/xiaoqu/8708141709284464/
东升和府,https://huzhou.lianjia.com/xiaoqu/8708150215906085/
丰盈花园,https://huzhou.lianjia.com/xiaoqu/87080000010833/
华锦锦云里,https://huzhou.lianjia.com/xiaoqu/87080000010132/
中房盛世华庭,https://huzhou.lianjia.com/xiaoqu/8708128581106627/
赞成隐庐,https://huzhou.lianjia.com/xiaoqu/8708138478000938/
紫竹苑,https://huzhou.lianjia.com/xiaoqu/8708136708720350/
祥生交投悦江南,https://huzhou.lianjia.com/xiaoqu/8708138949862031/
新城吾悦广场,https://huzhou.lianjia.com/xiaoqu/8708144421478838/
凤凰新村一区,https://huzhou.lianjia.com/xiaoqu/8708135121636871/
蓝光雍锦园,https://huzhou.lianjia.com/xiaoqu/8708138315474730/
华章竹涧堂,https://huzhou.lianjia.com/xiaoqu/87080000000914/
玖墅苑,https://huzhou.lianjia.com/xiaoqu/87080000000377/
久立东华府,https://huzhou.lianjia.com/xiaoqu/87080000002477/
浒溪别院,https://huzhou.lianjia.com/xiaoqu/87080000002702/
龙凤山庄,https://huzhou.lianjia.com/xiaoqu/87080000003409/
碧桂园中央公园,https://huzhou.lianjia.com/xiaoqu/8708139065211567/
德信一里洋房上城,https://huzhou.lianjia.com/xiaoqu/8708133875459482/
丽园,https://huzhou.lianjia.com/xiaoqu/87080000005176/
万科中城汇,https://huzhou.lianjia.com/xiaoqu/8708152959349609/
竹福佳苑,https://huzhou.lianjia.com/xiaoqu/87080000005785/
皇家领誉,https://huzhou.lianjia.com/xiaoqu/8708133888090887/
悦山湖花园二期,https://huzhou.lianjia.com/xiaoqu/8708139374756310/
太阳城天成大厦,https://huzhou.lianjia.com/xiaoqu/8708128584251226/
蓝城桂语江南,https://huzhou.lianjia.com/xiaoqu/8708135046030853/
新城壹号,https://huzhou.lianjia.com/xiaoqu/8708133668725490/
民乐小区,https://huzhou.lianjia.com/xiaoqu/8708133800959948/
东宸府,https://huzhou.lianjia.com/xiaoqu/87080000002454/
云溪洋房,https://huzhou.lianjia.com/xiaoqu/87080000002020/
保利明h风华,https://huzhou.lianjia.com/xiaoqu/87080000002450/
原乡小区,https://huzhou.lianjia.com/xiaoqu/8708133816699536/
绿城英溪桃源,https://huzhou.lianjia.com/xiaoqu/8708133803073243/
香悦华府,https://huzhou.lianjia.com/xiaoqu/87080000014981/
凤栖云庐,https://huzhou.lianjia.com/xiaoqu/87080000002014/
溪上篁庭,https://huzhou.lianjia.com/xiaoqu/8708135131071305/
丰盈花园,https://huzhou.lianjia.com/xiaoqu/87080000010833/
湘园,https://huzhou.lianjia.com/xiaoqu/87080000011548/
龙悦江南,https://huzhou.lianjia.com/xiaoqu/8708141709284464/
大家安吉金麟府,https://huzhou.lianjia.com/xiaoqu/87080000016304/
华锦锦云里,https://huzhou.lianjia.com/xiaoqu/87080000010132/
东升和府,https://huzhou.lianjia.com/xiaoqu/8708150215906085/
龙山庄园临湖台,https://huzhou.lianjia.com/xiaoqu/87080000010236/
欣宋嘉园,https://huzhou.lianjia.com/xiaoqu/8708133635123925/
都会澜轩,https://huzhou.lianjia.com/xiaoqu/8708146952195390/
泰和家园,https://huzhou.lianjia.com/xiaoqu/8708128664985835/
绿城桂花城,https://huzhou.lianjia.com/xiaoqu/87080000002448/
浒溪别院,https://huzhou.lianjia.com/xiaoqu/87080000002702/
碧桂园中央公园,https://huzhou.lianjia.com/xiaoqu/8708139065211567/
德信英溪大院,https://huzhou.lianjia.com/xiaoqu/87080000003306/
米兰花园,https://huzhou.lianjia.com/xiaoqu/8708128692253327/
香溢山庄南区,https://huzhou.lianjia.com/xiaoqu/8708133759024020/
春溪华庭,https://huzhou.lianjia.com/xiaoqu/8708133842908340/
金都阳光樾府,https://huzhou.lianjia.com/xiaoqu/87080000002239/
德华上邻世家,https://huzhou.lianjia.com/xiaoqu/8708133803061094/
家住金都・样样红,https://huzhou.lianjia.com/xiaoqu/8708143394729784/
舞阳花园,https://huzhou.lianjia.com/xiaoqu/8708133666628264/
德信郡望府,https://huzhou.lianjia.com/xiaoqu/87080000002357/
德信大家时代公馆,https://huzhou.lianjia.com/xiaoqu/87080000002243/
旺庄,https://huzhou.lianjia.com/xiaoqu/8708133871274774/
风华府,https://huzhou.lianjia.com/xiaoqu/87080000002016/
宇诚星辰公馆,https://huzhou.lianjia.com/xiaoqu/8708133816704875/
蓝光雍和园,https://huzhou.lianjia.com/xiaoqu/87080000003415/
越盛花园,https://huzhou.lianjia.com/xiaoqu/87080000004838/
仁皇正弘府,https://huzhou.lianjia.com/xiaoqu/8708139420925552/
香溢山庄南区,https://huzhou.lianjia.com/xiaoqu/8708133759024020/
欣宋嘉园,https://huzhou.lianjia.com/xiaoqu/8708133635123925/
溪上篁庭,https://huzhou.lianjia.com/xiaoqu/8708135131071305/
凤栖云庐,https://huzhou.lianjia.com/xiaoqu/87080000002014/
都会澜轩,https://huzhou.lianjia.com/xiaoqu/8708146952195390/
绿城桂花城,https://huzhou.lianjia.com/xiaoqu/87080000002448/
东城时代,https://huzhou.lianjia.com/xiaoqu/87080000004036/
梦溪湖山庄,https://huzhou.lianjia.com/xiaoqu/87080000005050/
紫云东郡,https://huzhou.lianjia.com/xiaoqu/8708125431767383/
永晖壹号院,https://huzhou.lianjia.com/xiaoqu/87080000000491/
大家仁皇府云锦,https://huzhou.lianjia.com/xiaoqu/87080000001025/
绿城御园,https://huzhou.lianjia.com/xiaoqu/8708128636680790/
翰林世家,https://huzhou.lianjia.com/xiaoqu/8708128645069722/
华盛达曼城,https://huzhou.lianjia.com/xiaoqu/8708133803078887/
绿城观云小镇,https://huzhou.lianjia.com/xiaoqu/8708133892296187/
香悦华府,https://huzhou.lianjia.com/xiaoqu/87080000014981/
德华东方府,https://huzhou.lianjia.com/xiaoqu/8708133763220152/
绿城御园,https://huzhou.lianjia.com/xiaoqu/8708128636680790/
翰林世家,https://huzhou.lianjia.com/xiaoqu/8708128645069722/
大家仁皇府云锦,https://huzhou.lianjia.com/xiaoqu/87080000001025/
仁皇金茂悦,https://huzhou.lianjia.com/xiaoqu/8708137416597182/
绿城观云小镇,https://huzhou.lianjia.com/xiaoqu/8708133892296187/
香悦华府,https://huzhou.lianjia.com/xiaoqu/87080000014981/
湖州府,https://huzhou.lianjia.com/xiaoqu/87080000000594/
德华东方府,https://huzhou.lianjia.com/xiaoqu/8708133763220152/
骏明国际,https://huzhou.lianjia.com/xiaoqu/8708128685966822/
蓝城桂语江南,https://huzhou.lianjia.com/xiaoqu/8708135046030853/
保利明h风华,https://huzhou.lianjia.com/xiaoqu/87080000002450/
民乐小区,https://huzhou.lianjia.com/xiaoqu/8708133800959948/
绿城英溪桃源,https://huzhou.lianjia.com/xiaoqu/8708133803073243/
新城壹号,https://huzhou.lianjia.com/xiaoqu/8708133668725490/
原乡小区,https://huzhou.lianjia.com/xiaoqu/8708133816699536/
东宸府,https://huzhou.lianjia.com/xiaoqu/87080000002454/
云溪洋房,https://huzhou.lianjia.com/xiaoqu/87080000002020/
映荷府,https://huzhou.lianjia.com/xiaoqu/8708150670041275/
茗仕雅墅,https://huzhou.lianjia.com/xiaoqu/8708134048547493/
皇家领誉,https://huzhou.lianjia.com/xiaoqu/8708133888090887/
太阳城天成大厦,https://huzhou.lianjia.com/xiaoqu/8708128584251226/
国贸仁皇君澜阁,https://huzhou.lianjia.com/xiaoqu/8708142397339361/
雅居乐滨江国际,https://huzhou.lianjia.com/xiaoqu/8708138968745118/
绿城百合园,https://huzhou.lianjia.com/xiaoqu/8708133150483875/
恒大悦珑湾,https://huzhou.lianjia.com/xiaoqu/8708140415065951/
芝里新村四区,https://huzhou.lianjia.com/xiaoqu/8708134373626082/
东方国际别墅,https://huzhou.lianjia.com/xiaoqu/8708134078958567/
蓝城尊园,https://huzhou.lianjia.com/xiaoqu/87080000002040/
赞成海月,https://huzhou.lianjia.com/xiaoqu/8708135082629025/
碧桂园江山赋,https://huzhou.lianjia.com/xiaoqu/8708139706935494/
新城壹号,https://huzhou.lianjia.com/xiaoqu/8708133668725490/
民乐小区,https://huzhou.lianjia.com/xiaoqu/8708133800959948/
云溪洋房,https://huzhou.lianjia.com/xiaoqu/87080000002020/
皇家领誉,https://huzhou.lianjia.com/xiaoqu/8708133888090887/
太阳城天成大厦,https://huzhou.lianjia.com/xiaoqu/8708128584251226/
碧桂园江山赋,https://huzhou.lianjia.com/xiaoqu/8708139706935494/
恒大悦珑湾,https://huzhou.lianjia.com/xiaoqu/8708140415065951/
芝里新村四区,https://huzhou.lianjia.com/xiaoqu/8708134373626082/
东方国际别墅,https://huzhou.lianjia.com/xiaoqu/8708134078958567/
蓝城尊园,https://huzhou.lianjia.com/xiaoqu/87080000002040/
云溪别院,https://huzhou.lianjia.com/xiaoqu/87080000008613/
金盛达水晶城,https://huzhou.lianjia.com/xiaoqu/8708133735962377/
新城大都会,https://huzhou.lianjia.com/xiaoqu/87080000004744/
悦山府,https://huzhou.lianjia.com/xiaoqu/87080000002026/
奥园誉尚府,https://huzhou.lianjia.com/xiaoqu/8708140239946646/
市心府,https://huzhou.lianjia.com/xiaoqu/87080000001925/
光明梦想城,https://huzhou.lianjia.com/xiaoqu/8708143129370532/
春畔里,https://huzhou.lianjia.com/xiaoqu/87080000000596/
天际花园,https://huzhou.lianjia.com/xiaoqu/8708129661428669/
大发德光融悦锦园,https://huzhou.lianjia.com/xiaoqu/8708145367603796/
长兴恒大悦龙台,https://huzhou.lianjia.com/xiaoqu/8708140400391380/
紫藤花墅,https://huzhou.lianjia.com/xiaoqu/8708132429957107/
香堤雅墅,https://huzhou.lianjia.com/xiaoqu/8708133129537893/
绿城长兴广场,https://huzhou.lianjia.com/xiaoqu/87080000000032/
橡树庄园,https://huzhou.lianjia.com/xiaoqu/8708133130586724/
新双龙大厦,https://huzhou.lianjia.com/xiaoqu/87080000000086/
凤凰国际缓山薇院,https://huzhou.lianjia.com/xiaoqu/87080000001505/
华都龙山庄园,https://huzhou.lianjia.com/xiaoqu/8708142635372920/
郡安里,https://huzhou.lianjia.com/xiaoqu/87080000003302/
绿城晓荷江南,https://huzhou.lianjia.com/xiaoqu/8708152292487069/
绿城桃花源逸竹园,https://huzhou.lianjia.com/xiaoqu/8708145083125602/
绿城桃花源紫竹园,https://huzhou.lianjia.com/xiaoqu/87080000000911/
绿城安吉桃花源新竹园,https://huzhou.lianjia.com/xiaoqu/87080000000804/
绿城桃花源,https://huzhou.lianjia.com/xiaoqu/8708135454214145/
砚溪湖,https://huzhou.lianjia.com/xiaoqu/8708151123136890/
融创莫干溪谷,https://huzhou.lianjia.com/xiaoqu/8708126998085952/
输出完毕
