天悦容城,https://zj.lianjia.com/xiaoqu/8120033376944953/
铃兰苑,https://zj.lianjia.com/xiaoqu/8120028725972310/
英格兰印象,https://zj.lianjia.com/xiaoqu/8120028698631505/
瑞鑫嘉园,https://zj.lianjia.com/xiaoqu/8120028766889946/
康泰花园,https://zj.lianjia.com/xiaoqu/8120028511892469/
九华山庄芳庭苑,https://zj.lianjia.com/xiaoqu/8120028655552867/
宜业苑,https://zj.lianjia.com/xiaoqu/8120028767929134/
御带河花园,https://zj.lianjia.com/xiaoqu/8120028381828639/
九华山庄香榭苑,https://zj.lianjia.com/xiaoqu/8120028655555287/
美林湾五区,https://zj.lianjia.com/xiaoqu/8120028480444044/
碧桂园华东科技新城,https://zj.lianjia.com/xiaoqu/8120036537815022/
水木阳光小区,https://zj.lianjia.com/xiaoqu/8120028382879125/
永安新城家园西区,https://zj.lianjia.com/xiaoqu/8120028709176928/
东风新家园,https://zj.lianjia.com/xiaoqu/8120028403849839/
恒华苑,https://zj.lianjia.com/xiaoqu/8120028447934400/
金谷家园,https://zj.lianjia.com/xiaoqu/8120034871910168/
官塘绿苑一区,https://zj.lianjia.com/xiaoqu/8120028400688179/
龙泉新苑,https://zj.lianjia.com/xiaoqu/8120028757449646/
镇江新区四海家园,https://zj.lianjia.com/xiaoqu/8120028751161041/
宜东铭苑,https://zj.lianjia.com/xiaoqu/8120028674422980/
花园新村,https://zj.lianjia.com/xiaoqu/8120028410124119/
新茂苑,https://zj.lianjia.com/xiaoqu/8120028768984118/
学林雅郡,https://zj.lianjia.com/xiaoqu/8120028456325434/
美林湾,https://zj.lianjia.com/xiaoqu/8120028459472595/
索普新村,https://zj.lianjia.com/xiaoqu/8120028377562581/
银湖花园,https://zj.lianjia.com/xiaoqu/8120028530766946/
大桥家园,https://zj.lianjia.com/xiaoqu/8120028636681709/
迎春小区,https://zj.lianjia.com/xiaoqu/8120033417843635/
新乐苑,https://zj.lianjia.com/xiaoqu/8120029279642769/
画意江南,https://zj.lianjia.com/xiaoqu/8120028710217878/
水云新村,https://zj.lianjia.com/xiaoqu/8120033400020348/
电永小区,https://zj.lianjia.com/xiaoqu/8120033460829180/
老干部安置公寓,https://zj.lianjia.com/xiaoqu/8120033438808373/
文化新村(扬中市),https://zj.lianjia.com/xiaoqu/8120033765963341/
美乐花园,https://zj.lianjia.com/xiaoqu/8120033388477252/
新城雅居,https://zj.lianjia.com/xiaoqu/8120033357024270/
景阳花园,https://zj.lianjia.com/xiaoqu/8120033397911749/
华南园中园,https://zj.lianjia.com/xiaoqu/8120033303548418/
凰嘉花苑,https://zj.lianjia.com/xiaoqu/8120033393718734/
河畔花园,https://zj.lianjia.com/xiaoqu/8120033253213030/
鸿运楼,https://zj.lianjia.com/xiaoqu/8120033384282974/
L雅尚都,https://zj.lianjia.com/xiaoqu/8120033361214042/
兰陵大厦小区,https://zj.lianjia.com/xiaoqu/8120033342345856/
万宏天源城,https://zj.lianjia.com/xiaoqu/8120033331859020/
梅花苑,https://zj.lianjia.com/xiaoqu/8120033501721138/
美域湾,https://zj.lianjia.com/xiaoqu/8120033570927693/
锦城大厦,https://zj.lianjia.com/xiaoqu/8120034190175871/
梅苑新,https://zj.lianjia.com/xiaoqu/8120028690149825/
中凯花园,https://zj.lianjia.com/xiaoqu/8120028708122837/
金谷家园W区,https://zj.lianjia.com/xiaoqu/8120028661847178/
塔山路8号院,https://zj.lianjia.com/xiaoqu/8120028478348589/
永裕家园,https://zj.lianjia.com/xiaoqu/8120028709174703/
兰陵公寓,https://zj.lianjia.com/xiaoqu/8120033277333211/
康乐公寓,https://zj.lianjia.com/xiaoqu/8120033318220209/
锦泰园,https://zj.lianjia.com/xiaoqu/8120033278378158/
华云公寓,https://zj.lianjia.com/xiaoqu/8120033294114388/
阜阳新三村,https://zj.lianjia.com/xiaoqu/8120033323466216/
江南锦苑,https://zj.lianjia.com/xiaoqu/8120033316122755/
永康公寓(句容),https://zj.lianjia.com/xiaoqu/8120033296209306/
I@,https://zj.lianjia.com/xiaoqu/8120033321369529/
鸿运楼,https://zj.lianjia.com/xiaoqu/8120033384282974/
梅花苑,https://zj.lianjia.com/xiaoqu/8120033501721138/
银谷苑,https://zj.lianjia.com/xiaoqu/8120034853030041/
东方花苑,https://zj.lianjia.com/xiaoqu/8120028499315044/
凤凰家园凤梧苑,https://zj.lianjia.com/xiaoqu/8120028569568948/
凤凰家园凤仪苑,https://zj.lianjia.com/xiaoqu/8120028590538514/
丹桂苑,https://zj.lianjia.com/xiaoqu/8120028532866821/
金泉花园二期,https://zj.lianjia.com/xiaoqu/8120028608364449/
锦绣花苑,https://zj.lianjia.com/xiaoqu/8120028380704646/
京江花苑,https://zj.lianjia.com/xiaoqu/8120028676529883/
华润公寓,https://zj.lianjia.com/xiaoqu/8120028689107855/
千里新村,https://zj.lianjia.com/xiaoqu/8120028541262571/
颐景嘉苑,https://zj.lianjia.com/xiaoqu/8120028690151338/
梅苑新,https://zj.lianjia.com/xiaoqu/8120028690149825/
锦城大厦,https://zj.lianjia.com/xiaoqu/8120034190175871/
云阳医院综合楼,https://zj.lianjia.com/xiaoqu/8120048808467244/
财政局宿舍楼,https://zj.lianjia.com/xiaoqu/8120049116819077/
怡景苑,https://zj.lianjia.com/xiaoqu/8120033483901153/
丁卯开发区239号,https://zj.lianjia.com/xiaoqu/8120048382592770/
美的悦岚山,https://zj.lianjia.com/xiaoqu/8120043621407155/
中山路94号,https://zj.lianjia.com/xiaoqu/8120048310246652/
人武部宿舍楼,https://zj.lianjia.com/xiaoqu/8120047753451908/
市政协宿舍楼,https://zj.lianjia.com/xiaoqu/8120033498587087/
千禧花园,https://zj.lianjia.com/xiaoqu/8120045662296781/
华阳路21号小区,https://zj.lianjia.com/xiaoqu/8120047580386489/
盐业公司宿舍新大楼,https://zj.lianjia.com/xiaoqu/8120048579854227/
开关厂宿舍楼,https://zj.lianjia.com/xiaoqu/8120047203901651/
机电宿舍,https://zj.lianjia.com/xiaoqu/8120048432927236/
云天花园,https://zj.lianjia.com/xiaoqu/8120033454545270/
天华星城,https://zj.lianjia.com/xiaoqu/8120033359116529/
文昌苑,https://zj.lianjia.com/xiaoqu/8120033287813226/
通公寓,https://zj.lianjia.com/xiaoqu/8120033446146822/
金山水城A区,https://zj.lianjia.com/xiaoqu/8120028598930555/
紫薇花园,https://zj.lianjia.com/xiaoqu/8120033416794924/
金泉花园一期,https://zj.lianjia.com/xiaoqu/8120028598933323/
古桥名苑,https://zj.lianjia.com/xiaoqu/8120028379652477/
驸马花园,https://zj.lianjia.com/xiaoqu/8120028680719279/
杜湖新村,https://zj.lianjia.com/xiaoqu/8120028436385869/
金湖花园,https://zj.lianjia.com/xiaoqu/8120028729109647/
江南嘉园,https://zj.lianjia.com/xiaoqu/8120036310173614/
惠泽苑,https://zj.lianjia.com/xiaoqu/8120033402115837/
东吴路161号,https://zj.lianjia.com/xiaoqu/8120036987645574/
芳邻雅居,https://zj.lianjia.com/xiaoqu/8120033417840140/
东方苑(光明中路),https://zj.lianjia.com/xiaoqu/8120033354929008/
玉泉小区,https://zj.lianjia.com/xiaoqu/8120033411548011/
丹桂园,https://zj.lianjia.com/xiaoqu/8120033466077039/
丹金家园,https://zj.lianjia.com/xiaoqu/8120033432518578/
黄金花园东区,https://zj.lianjia.com/xiaoqu/8120033534229362/
官塘绿苑四区,https://zj.lianjia.com/xiaoqu/8120037162754720/
京岘山社区，京口路12号,https://zj.lianjia.com/xiaoqu/8120036151792331/
逸翠园,https://zj.lianjia.com/xiaoqu/8120028765832976/
金环花苑,https://zj.lianjia.com/xiaoqu/8120028382860456/
东吴路82号,https://zj.lianjia.com/xiaoqu/8120036507403222/
京口路61号,https://zj.lianjia.com/xiaoqu/8120036512638256/
朝阳新村,https://zj.lianjia.com/xiaoqu/8120036760104824/
紫荆花园(京口),https://zj.lianjia.com/xiaoqu/8120028751155565/
金山水城二区,https://zj.lianjia.com/xiaoqu/8120028588442096/
凤凰花园,https://zj.lianjia.com/xiaoqu/8120033398961823/
解放桥巷,https://zj.lianjia.com/xiaoqu/81000000000027/
官塘绿苑三区,https://zj.lianjia.com/xiaoqu/8120036730738498/
曲园小区,https://zj.lianjia.com/xiaoqu/8120033493336046/
华城花园,https://zj.lianjia.com/xiaoqu/8120028372318185/
幸福花园,https://zj.lianjia.com/xiaoqu/8120033429372888/
中心嘉园,https://zj.lianjia.com/xiaoqu/8120033410502230/
南马路91号,https://zj.lianjia.com/xiaoqu/8120036579752590/
苗家巷,https://zj.lianjia.com/xiaoqu/8120036582887753/
平昌宜居苑,https://zj.lianjia.com/xiaoqu/8120028759545483/
明怡园,https://zj.lianjia.com/xiaoqu/8120036808341426/
港南花苑新城苑,https://zj.lianjia.com/xiaoqu/8120028766887802/
浮玉花园,https://zj.lianjia.com/xiaoqu/8120033494391512/
海宇花园,https://zj.lianjia.com/xiaoqu/8120033485995529/
幸福二区,https://zj.lianjia.com/xiaoqu/8120033410501331/
水|村,https://zj.lianjia.com/xiaoqu/8120033423079298/
港湾新城,https://zj.lianjia.com/xiaoqu/8120033574072379/
国信・上城,https://zj.lianjia.com/xiaoqu/8120028764789746/
御景湾,https://zj.lianjia.com/xiaoqu/8120028761638979/
幸福三^,https://zj.lianjia.com/xiaoqu/8120033425184549/
金宛新村,https://zj.lianjia.com/xiaoqu/8120033380092239/
港中新村四区,https://zj.lianjia.com/xiaoqu/8120028766885215/
东吴路155号,https://zj.lianjia.com/xiaoqu/8120038266140290/
东方苑(金陵西路),https://zj.lianjia.com/xiaoqu/8120033447204849/
云九新村,https://zj.lianjia.com/xiaoqu/8120033354928042/
牡丹苑,https://zj.lianjia.com/xiaoqu/8120028725968970/
锦湖小区,https://zj.lianjia.com/xiaoqu/8120033315077806/
华阳商城,https://zj.lianjia.com/xiaoqu/8120042448739202/
句容城西商品博览中心,https://zj.lianjia.com/xiaoqu/8120038942684151/
港中新村七区,https://zj.lianjia.com/xiaoqu/8120028725962569/
和平广场小区,https://zj.lianjia.com/xiaoqu/8120038944648595/
江岛人家,https://zj.lianjia.com/xiaoqu/8120039525739998/
明发盛世家园,https://zj.lianjia.com/xiaoqu/8120028729110946/
运河路42号,https://zj.lianjia.com/xiaoqu/8120039623249771/
教师公寓,https://zj.lianjia.com/xiaoqu/8120033528991468/
今典花园,https://zj.lianjia.com/xiaoqu/8120033424127182/
宜安苑,https://zj.lianjia.com/xiaoqu/8120028762688666/
宜乐苑,https://zj.lianjia.com/xiaoqu/8120028762691807/
世纪花苑,https://zj.lianjia.com/xiaoqu/8120028750103817/
新润苑,https://zj.lianjia.com/xiaoqu/8120028759551233/
金港生活广场,https://zj.lianjia.com/xiaoqu/8120039654727645/
泰豪公寓,https://zj.lianjia.com/xiaoqu/8120033381139390/
荔湾城,https://zj.lianjia.com/xiaoqu/8120039701895175/
万宏商务大厦,https://zj.lianjia.com/xiaoqu/8120041667380854/
乾泽园,https://zj.lianjia.com/xiaoqu/8120033388484812/
百花新村,https://zj.lianjia.com/xiaoqu/8120033456634016/
怡心花园,https://zj.lianjia.com/xiaoqu/8120033447199550/
百合苑,https://zj.lianjia.com/xiaoqu/8120033332911603/
华阳苑,https://zj.lianjia.com/xiaoqu/8120033805809018/
阜阳老三村,https://zj.lianjia.com/xiaoqu/8120033352828782/
世纪东升小区,https://zj.lianjia.com/xiaoqu/8120033398972402/
京口路56号,https://zj.lianjia.com/xiaoqu/8120036789461446/
经发花苑,https://zj.lianjia.com/xiaoqu/8120028537067482/
金田花园,https://zj.lianjia.com/xiaoqu/8120028378689268/
谷阳新村三区,https://zj.lianjia.com/xiaoqu/8120028378609414/
丰泽花园,https://zj.lianjia.com/xiaoqu/8120028422755610/
美林湾二区,https://zj.lianjia.com/xiaoqu/8120028457376016/
康馨家园,https://zj.lianjia.com/xiaoqu/8120028379713659/
城东铭苑,https://zj.lianjia.com/xiaoqu/8120028668130352/
姚庄舒苑,https://zj.lianjia.com/xiaoqu/8120028696446299/
美林湾四区,https://zj.lianjia.com/xiaoqu/8120028479389415/
天福花园,https://zj.lianjia.com/xiaoqu/8120033459779937/
绿之缘,https://zj.lianjia.com/xiaoqu/8120028685958268/
千家乐南苑,https://zj.lianjia.com/xiaoqu/8120033304590395/
康居园,https://zj.lianjia.com/xiaoqu/8120033347586141/
化肥小区,https://zj.lianjia.com/xiaoqu/8120033331854729/
紫荆花园(丹阳市),https://zj.lianjia.com/xiaoqu/8120033425183529/
景阳花园,https://zj.lianjia.com/xiaoqu/8120033397911749/
梅花苑,https://zj.lianjia.com/xiaoqu/8120033501721138/
塔山路8号院,https://zj.lianjia.com/xiaoqu/8120028478348589/
永裕家园,https://zj.lianjia.com/xiaoqu/8120028709174703/
江南锦苑,https://zj.lianjia.com/xiaoqu/8120033316122755/
兰陵公寓,https://zj.lianjia.com/xiaoqu/8120033277333211/
永康公寓(句容),https://zj.lianjia.com/xiaoqu/8120033296209306/
I@,https://zj.lianjia.com/xiaoqu/8120033321369529/
华云公寓,https://zj.lianjia.com/xiaoqu/8120033294114388/
阜阳新三村,https://zj.lianjia.com/xiaoqu/8120033323466216/
康乐公寓,https://zj.lianjia.com/xiaoqu/8120033318220209/
锦泰园,https://zj.lianjia.com/xiaoqu/8120033278378158/
千家乐园小区,https://zj.lianjia.com/xiaoqu/8120042851521004/
迈村新城,https://zj.lianjia.com/xiaoqu/8120033441952934/
百花新村,https://zj.lianjia.com/xiaoqu/8120033456634016/
京口路56号,https://zj.lianjia.com/xiaoqu/8120036789461446/
怡心花园,https://zj.lianjia.com/xiaoqu/8120033447199550/
百合苑,https://zj.lianjia.com/xiaoqu/8120033332911603/
华阳苑,https://zj.lianjia.com/xiaoqu/8120033805809018/
阜阳老三村,https://zj.lianjia.com/xiaoqu/8120033352828782/
世纪东升小区,https://zj.lianjia.com/xiaoqu/8120033398972402/
乾泽园,https://zj.lianjia.com/xiaoqu/8120033388484812/
牡丹苑,https://zj.lianjia.com/xiaoqu/8120028725968970/
锦湖小区,https://zj.lianjia.com/xiaoqu/8120033315077806/
华阳商城,https://zj.lianjia.com/xiaoqu/8120042448739202/
审计楼,https://zj.lianjia.com/xiaoqu/8120042949059155/
阜阳老三村,https://zj.lianjia.com/xiaoqu/8120033352828782/
世纪东升小区,https://zj.lianjia.com/xiaoqu/8120033398972402/
怡心花园,https://zj.lianjia.com/xiaoqu/8120033447199550/
利宝小区,https://zj.lianjia.com/xiaoqu/8120043571066509/
玉泉小区,https://zj.lianjia.com/xiaoqu/8120033411548011/
官塘绿苑三区,https://zj.lianjia.com/xiaoqu/8120036730738498/
瑞和锦苑,https://zj.lianjia.com/xiaoqu/8120033404207530/
玉兰园,https://zj.lianjia.com/xiaoqu/8120033401063962/
九里街3号院(九里山庄),https://zj.lianjia.com/xiaoqu/8120028371327216/
学府康居园,https://zj.lianjia.com/xiaoqu/8120028525530934/
康佳苑,https://zj.lianjia.com/xiaoqu/8120028379658571/
华瑞新城,https://zj.lianjia.com/xiaoqu/8120028708123467/
怡居苑,https://zj.lianjia.com/xiaoqu/8120028687014751/
科大二村,https://zj.lianjia.com/xiaoqu/8120028527620782/
钱塘春江苑,https://zj.lianjia.com/xiaoqu/8120028677570422/
丁卯公寓,https://zj.lianjia.com/xiaoqu/8120028434288440/
金山水城五区,https://zj.lianjia.com/xiaoqu/8120028632479724/
东方苑(光明中路),https://zj.lianjia.com/xiaoqu/8120033354929008/
明怡园,https://zj.lianjia.com/xiaoqu/8120036808341426/
惠泽苑,https://zj.lianjia.com/xiaoqu/8120033402115837/
京岘山社区，京口路12号,https://zj.lianjia.com/xiaoqu/8120036151792331/
凤凰花园,https://zj.lianjia.com/xiaoqu/8120033398961823/
官塘绿苑四区,https://zj.lianjia.com/xiaoqu/8120037162754720/
华城花园,https://zj.lianjia.com/xiaoqu/8120028372318185/
东吴路161号,https://zj.lianjia.com/xiaoqu/8120036987645574/
芳邻雅居,https://zj.lianjia.com/xiaoqu/8120033417840140/
平昌宜居苑,https://zj.lianjia.com/xiaoqu/8120028759545483/
解放桥巷,https://zj.lianjia.com/xiaoqu/81000000000027/
逸翠园,https://zj.lianjia.com/xiaoqu/8120028765832976/
京口路61号,https://zj.lianjia.com/xiaoqu/8120036512638256/
东吴路82号,https://zj.lianjia.com/xiaoqu/8120036507403222/
金环花苑,https://zj.lianjia.com/xiaoqu/8120028382860456/
丹桂园,https://zj.lianjia.com/xiaoqu/8120033466077039/
丹金家园,https://zj.lianjia.com/xiaoqu/8120033432518578/
苗家巷,https://zj.lianjia.com/xiaoqu/8120036582887753/
中心嘉园,https://zj.lianjia.com/xiaoqu/8120033410502230/
南马路91号,https://zj.lianjia.com/xiaoqu/8120036579752590/
幸福花园,https://zj.lianjia.com/xiaoqu/8120033429372888/
金湖花园,https://zj.lianjia.com/xiaoqu/8120028729109647/
杜湖新村,https://zj.lianjia.com/xiaoqu/8120028436385869/
通公寓,https://zj.lianjia.com/xiaoqu/8120033446146822/
金谷东路58号,https://zj.lianjia.com/xiaoqu/8120040479077126/
国税宿舍,https://zj.lianjia.com/xiaoqu/8120045740944741/
金元商贸城,https://zj.lianjia.com/xiaoqu/8120045440999130/
砖瓦新村,https://zj.lianjia.com/xiaoqu/8120045694811465/
惠众花苑西区,https://zj.lianjia.com/xiaoqu/8120033501727310/
双井苑,https://zj.lianjia.com/xiaoqu/8120033506971482/
龙湾华府,https://zj.lianjia.com/xiaoqu/8120044958598706/
东城秀锦,https://zj.lianjia.com/xiaoqu/8120033517457427/
金鑫大楼,https://zj.lianjia.com/xiaoqu/8120044982674926/
扬中市玉器小区,https://zj.lianjia.com/xiaoqu/8120033476561194/
幸福广场,https://zj.lianjia.com/xiaoqu/8120045365488024/
阳光世纪城,https://zj.lianjia.com/xiaoqu/81000000000264/
农行宿舍楼,https://zj.lianjia.com/xiaoqu/8120046290470857/
句容城西商品博览中心,https://zj.lianjia.com/xiaoqu/8120038942684151/
港中新村七区,https://zj.lianjia.com/xiaoqu/8120028725962569/
和平广场小区,https://zj.lianjia.com/xiaoqu/8120038944648595/
港龙小区,https://zj.lianjia.com/xiaoqu/8120028760594175/
玫瑰苑,https://zj.lianjia.com/xiaoqu/8120040459145452/
宜安苑,https://zj.lianjia.com/xiaoqu/8120028762688666/
宜乐苑,https://zj.lianjia.com/xiaoqu/8120028762691807/
世纪花苑,https://zj.lianjia.com/xiaoqu/8120028750103817/
新润苑,https://zj.lianjia.com/xiaoqu/8120028759551233/
金港生活广场,https://zj.lianjia.com/xiaoqu/8120039654727645/
泰豪公寓,https://zj.lianjia.com/xiaoqu/8120033381139390/
荔湾城,https://zj.lianjia.com/xiaoqu/8120039701895175/
乾泽园,https://zj.lianjia.com/xiaoqu/8120033388484812/
华阳商城,https://zj.lianjia.com/xiaoqu/8120042448739202/
南园新村,https://zj.lianjia.com/xiaoqu/8120033563587335/
冠成园小区,https://zj.lianjia.com/xiaoqu/8120033275238864/
月湖花园小区,https://zj.lianjia.com/xiaoqu/81000000000240/
瑞滨新苑南区,https://zj.lianjia.com/xiaoqu/8120050493802691/
瑞滨新苑北区,https://zj.lianjia.com/xiaoqu/8120050468645847/
平楼下,https://zj.lianjia.com/xiaoqu/8120051232242508/
二道巷278号,https://zj.lianjia.com/xiaoqu/8120051299348609/
新村,https://zj.lianjia.com/xiaoqu/8120049972616846/
通都雅寓,https://zj.lianjia.com/xiaoqu/8120050955294357/
丹阳市中学综合楼,https://zj.lianjia.com/xiaoqu/8120050898676477/
学府路89号,https://zj.lianjia.com/xiaoqu/8120036683546891/
清丽华庭,https://zj.lianjia.com/xiaoqu/8120044960700073/
西岗小区,https://zj.lianjia.com/xiaoqu/8120040410915184/
王巷苑,https://zj.lianjia.com/xiaoqu/8120033436712964/
华侨新村,https://zj.lianjia.com/xiaoqu/8120050116265508/
金香苑,https://zj.lianjia.com/xiaoqu/8120028725970209/
机电大楼,https://zj.lianjia.com/xiaoqu/8120045640270396/
老汽车站综合楼,https://zj.lianjia.com/xiaoqu/8120045663356984/
新村三巷,https://zj.lianjia.com/xiaoqu/81000000000257/
河阳新城,https://zj.lianjia.com/xiaoqu/8120047933804992/
水畔新居,https://zj.lianjia.com/xiaoqu/8120046046167537/
财政局宿舍楼,https://zj.lianjia.com/xiaoqu/8120049116819077/
怡景苑,https://zj.lianjia.com/xiaoqu/8120033483901153/
天华星城,https://zj.lianjia.com/xiaoqu/8120033359116529/
新加坡花园,https://zj.lianjia.com/xiaoqu/8120033491245619/
化肥新村,https://zj.lianjia.com/xiaoqu/8120033357024051/
公园新村,https://zj.lianjia.com/xiaoqu/8120033283623489/
花王公寓,https://zj.lianjia.com/xiaoqu/8120033385330612/
东湖大厦,https://zj.lianjia.com/xiaoqu/8120048687894113/
伯威商城,https://zj.lianjia.com/xiaoqu/8120034851965096/
中山路94号,https://zj.lianjia.com/xiaoqu/8120048310246652/
人武部宿舍楼,https://zj.lianjia.com/xiaoqu/8120047753451908/
市政协宿舍楼,https://zj.lianjia.com/xiaoqu/8120033498587087/
千禧花园,https://zj.lianjia.com/xiaoqu/8120045662296781/
华阳路21号小区,https://zj.lianjia.com/xiaoqu/8120047580386489/
磷肥厂宿舍楼,https://zj.lianjia.com/xiaoqu/8120046348205518/
云天花园,https://zj.lianjia.com/xiaoqu/8120033454545270/
丁卯开发区239号,https://zj.lianjia.com/xiaoqu/8120048382592770/
美的悦岚山,https://zj.lianjia.com/xiaoqu/8120043621407155/
盐业公司宿舍新大楼,https://zj.lianjia.com/xiaoqu/8120048579854227/
机电宿舍,https://zj.lianjia.com/xiaoqu/8120048432927236/
开关厂宿舍楼,https://zj.lianjia.com/xiaoqu/8120047203901651/
云阳医院综合楼,https://zj.lianjia.com/xiaoqu/8120048808467244/
华阳小区,https://zj.lianjia.com/xiaoqu/8120033398966406/
丹凤小区,https://zj.lianjia.com/xiaoqu/8120033303543460/
河滨雅苑,https://zj.lianjia.com/xiaoqu/8120033426225047/
学府路94号,https://zj.lianjia.com/xiaoqu/8120036684612645/
世茂御景湾,https://zj.lianjia.com/xiaoqu/8120045434732305/
运输大厦,https://zj.lianjia.com/xiaoqu/8120049469188437/
石油小区,https://zj.lianjia.com/xiaoqu/8120048363712953/
南苑小区,https://zj.lianjia.com/xiaoqu/8120033324516232/
府南苑,https://zj.lianjia.com/xiaoqu/8120033358076920/
无线电厂宿舍,https://zj.lianjia.com/xiaoqu/8120051526944629/
学府路300号,https://zj.lianjia.com/xiaoqu/81000000001110/
锦绣山花苑,https://zj.lianjia.com/xiaoqu/8120050497992259/
京河路40号,https://zj.lianjia.com/xiaoqu/8120051575172612/
京岘山路60号,https://zj.lianjia.com/xiaoqu/8120048993104706/
步步高公寓,https://zj.lianjia.com/xiaoqu/8120033339195690/
东门外大街商住楼,https://zj.lianjia.com/xiaoqu/8120052511656112/
条播机厂住宅楼,https://zj.lianjia.com/xiaoqu/8120049695718701/
牌湾街62号,https://zj.lianjia.com/xiaoqu/8120052337594800/
镇南路3号,https://zj.lianjia.com/xiaoqu/8120049721984770/
镇南新村,https://zj.lianjia.com/xiaoqu/8120050069075461/
太平里,https://zj.lianjia.com/xiaoqu/8120055779404667/
水岸华庭,https://zj.lianjia.com/xiaoqu/81000000003272/
运河路48号,https://zj.lianjia.com/xiaoqu/81000000007992/
二道巷,https://zj.lianjia.com/xiaoqu/81000000004829/
府南苑,https://zj.lianjia.com/xiaoqu/8120033358076920/
赵家涵小区,https://zj.lianjia.com/xiaoqu/81000000004011/
客运大厦,https://zj.lianjia.com/xiaoqu/8120050801129121/
望族舒苑,https://zj.lianjia.com/xiaoqu/81000000004833/
金桂公寓,https://zj.lianjia.com/xiaoqu/8120033338146866/
怡人家园,https://zj.lianjia.com/xiaoqu/81000000005251/
双胞塘,https://zj.lianjia.com/xiaoqu/81000000003064/
清丽华庭,https://zj.lianjia.com/xiaoqu/8120044960700073/
通都雅寓,https://zj.lianjia.com/xiaoqu/8120050955294357/
城河大厦,https://zj.lianjia.com/xiaoqu/8120051428358238/
北部新城西区,https://zj.lianjia.com/xiaoqu/8120048260968151/
瑞滨新苑南区,https://zj.lianjia.com/xiaoqu/8120050493802691/
瑞滨新苑北区,https://zj.lianjia.com/xiaoqu/8120050468645847/
新村,https://zj.lianjia.com/xiaoqu/8120049972616846/
丹阳市中学综合楼,https://zj.lianjia.com/xiaoqu/8120050898676477/
运输大厦,https://zj.lianjia.com/xiaoqu/8120049469188437/
石油小区,https://zj.lianjia.com/xiaoqu/8120048363712953/
平楼下,https://zj.lianjia.com/xiaoqu/8120051232242508/
华侨新村,https://zj.lianjia.com/xiaoqu/8120050116265508/
王巷苑,https://zj.lianjia.com/xiaoqu/8120033436712964/
二道巷278号,https://zj.lianjia.com/xiaoqu/8120051299348609/
玉清一巷20号,https://zj.lianjia.com/xiaoqu/8120041257319673/
飞达嘉苑,https://zj.lianjia.com/xiaoqu/81000000001111/
幸福广场,https://zj.lianjia.com/xiaoqu/8120045365488024/
扬中市玉器小区,https://zj.lianjia.com/xiaoqu/8120033476561194/
新村三巷,https://zj.lianjia.com/xiaoqu/81000000000257/
机电大楼,https://zj.lianjia.com/xiaoqu/8120045640270396/
金香苑,https://zj.lianjia.com/xiaoqu/8120028725970209/
惠众花苑西区,https://zj.lianjia.com/xiaoqu/8120033501727310/
国税宿舍,https://zj.lianjia.com/xiaoqu/8120045740944741/
金鑫大楼,https://zj.lianjia.com/xiaoqu/8120044982674926/
龙湾华府,https://zj.lianjia.com/xiaoqu/8120044958598706/
老汽车站综合楼,https://zj.lianjia.com/xiaoqu/8120045663356984/
水畔新居,https://zj.lianjia.com/xiaoqu/8120046046167537/
阳光世纪城,https://zj.lianjia.com/xiaoqu/81000000000264/
镇宝路2号,https://zj.lianjia.com/xiaoqu/81000000002844/
丁卯桥路167-1号,https://zj.lianjia.com/xiaoqu/81000000000380/
中山商城,https://zj.lianjia.com/xiaoqu/81000000005254/
国税宿舍楼,https://zj.lianjia.com/xiaoqu/8120047703120482/
兴润家园,https://zj.lianjia.com/xiaoqu/81000000003397/
东风新区一区,https://zj.lianjia.com/xiaoqu/8120052681594273/
西苑公寓,https://zj.lianjia.com/xiaoqu/8120033329764617/
融阳大厦,https://zj.lianjia.com/xiaoqu/81000000003060/
越河新村,https://zj.lianjia.com/xiaoqu/81000000003387/
东吴路183号,https://zj.lianjia.com/xiaoqu/81000000003388/
谷阳新村二区,https://zj.lianjia.com/xiaoqu/8120028377618688/
港口路99号,https://zj.lianjia.com/xiaoqu/81000000005029/
象山花园三区南区,https://zj.lianjia.com/xiaoqu/8120028452133115/
锦绣句容,https://zj.lianjia.com/xiaoqu/8120033408406867/
皓月苑,https://zj.lianjia.com/xiaoqu/8120028762696592/
全福路82弄,https://zj.lianjia.com/xiaoqu/81000000011120/
润扬交通宿舍楼,https://zj.lianjia.com/xiaoqu/81000000012023/
于山街,https://zj.lianjia.com/xiaoqu/81000000012424/
禹山北路1-8号,https://zj.lianjia.com/xiaoqu/8120048933293750/
紫荆苑(扬子江路),https://zj.lianjia.com/xiaoqu/8120028763746022/
旭辉朗香郡,https://zj.lianjia.com/xiaoqu/8120028758499511/
玉兰花园二期和园,https://zj.lianjia.com/xiaoqu/8120034882395317/
中山路102号,https://zj.lianjia.com/xiaoqu/81000000009095/
上路新居,https://zj.lianjia.com/xiaoqu/8120052836803363/
光明景园,https://zj.lianjia.com/xiaoqu/8120028707080402/
名仕佳园,https://zj.lianjia.com/xiaoqu/8120028403834006/
谷阳新村四区,https://zj.lianjia.com/xiaoqu/8120028376569555/
枫林湾,https://zj.lianjia.com/xiaoqu/8120028477297004/
方家湾新村,https://zj.lianjia.com/xiaoqu/8120028637723503/
长香水岸,https://zj.lianjia.com/xiaoqu/81000000000023/
国税宿舍楼,https://zj.lianjia.com/xiaoqu/8120047703120482/
兴润家园,https://zj.lianjia.com/xiaoqu/81000000003397/
赵家涵小区,https://zj.lianjia.com/xiaoqu/81000000004011/
金谷苑,https://zj.lianjia.com/xiaoqu/81000000000247/
幸福小区,https://zj.lianjia.com/xiaoqu/8120033502777818/
丹枫丽舍,https://zj.lianjia.com/xiaoqu/8120028689101640/
怡人家园,https://zj.lianjia.com/xiaoqu/81000000005251/
运河路48号,https://zj.lianjia.com/xiaoqu/81000000007992/
东吴路183号,https://zj.lianjia.com/xiaoqu/81000000003388/
越河新村,https://zj.lianjia.com/xiaoqu/81000000003387/
上路新居,https://zj.lianjia.com/xiaoqu/8120052836803363/
于山街,https://zj.lianjia.com/xiaoqu/81000000012424/
润扬交通宿舍楼,https://zj.lianjia.com/xiaoqu/81000000012023/
运输大厦,https://zj.lianjia.com/xiaoqu/8120049469188437/
石油小区,https://zj.lianjia.com/xiaoqu/8120048363712953/
运河路33号,https://zj.lianjia.com/xiaoqu/81000000001320/
锦绣句容,https://zj.lianjia.com/xiaoqu/8120033408406867/
双胞塘,https://zj.lianjia.com/xiaoqu/81000000003064/
二道巷,https://zj.lianjia.com/xiaoqu/81000000004829/
水岸华庭,https://zj.lianjia.com/xiaoqu/81000000003272/
运河路48号,https://zj.lianjia.com/xiaoqu/81000000007992/
中山路102号,https://zj.lianjia.com/xiaoqu/81000000009095/
中山商城,https://zj.lianjia.com/xiaoqu/81000000005254/
望族舒苑,https://zj.lianjia.com/xiaoqu/81000000004833/
丁卯桥路167-1号,https://zj.lianjia.com/xiaoqu/81000000000380/
客运大厦,https://zj.lianjia.com/xiaoqu/8120050801129121/
怡人家园,https://zj.lianjia.com/xiaoqu/81000000005251/
东风新区一区,https://zj.lianjia.com/xiaoqu/8120052681594273/
富豪楼,https://zj.lianjia.com/xiaoqu/8120055932514921/
团结桥综合楼,https://zj.lianjia.com/xiaoqu/8120055551854808/
兴润家园,https://zj.lianjia.com/xiaoqu/81000000003397/
镇宝路2号,https://zj.lianjia.com/xiaoqu/81000000002844/
光明景园,https://zj.lianjia.com/xiaoqu/8120028707080402/
皓月苑,https://zj.lianjia.com/xiaoqu/8120028762696592/
紫荆苑(扬子江路),https://zj.lianjia.com/xiaoqu/8120028763746022/
禹山北路1-8号,https://zj.lianjia.com/xiaoqu/8120048933293750/
旭辉朗香郡,https://zj.lianjia.com/xiaoqu/8120028758499511/
玉兰花园二期和园,https://zj.lianjia.com/xiaoqu/8120034882395317/
方家湾新村,https://zj.lianjia.com/xiaoqu/8120028637723503/
长香水岸,https://zj.lianjia.com/xiaoqu/81000000000023/
谷阳新村四区,https://zj.lianjia.com/xiaoqu/8120028376569555/
名仕佳园,https://zj.lianjia.com/xiaoqu/8120028403834006/
枫林湾,https://zj.lianjia.com/xiaoqu/8120028477297004/
万科金域蓝湾,https://zj.lianjia.com/xiaoqu/8120042316519837/
省电三公司宿舍,https://zj.lianjia.com/xiaoqu/8120028484634951/
谷阳新村一区,https://zj.lianjia.com/xiaoqu/8120028649255839/
A南新村,https://zj.lianjia.com/xiaoqu/8120033406303673/
丁卯桥路129号,https://zj.lianjia.com/xiaoqu/8120036752759670/
孟诚尚美苑,https://zj.lianjia.com/xiaoqu/8120028601026134/
丹枫丽舍,https://zj.lianjia.com/xiaoqu/8120028689101640/
金谷苑,https://zj.lianjia.com/xiaoqu/81000000000247/
幸福小区,https://zj.lianjia.com/xiaoqu/8120033502777818/
六普丁卯宿舍,https://zj.lianjia.com/xiaoqu/8120041691494755/
云阳新村,https://zj.lianjia.com/xiaoqu/8120033278384819/
福康苑,https://zj.lianjia.com/xiaoqu/8120033368552665/
世纪花园,https://zj.lianjia.com/xiaoqu/8120028626192004/
金港花园,https://zj.lianjia.com/xiaoqu/8120028752200411/
瑞泰新城,https://zj.lianjia.com/xiaoqu/8120028524483514/
神农花苑,https://zj.lianjia.com/xiaoqu/8120028378611267/
京润华庭,https://zj.lianjia.com/xiaoqu/8120028402801794/
恒景苑,https://zj.lianjia.com/xiaoqu/81000000005129/
运河路,https://zj.lianjia.com/xiaoqu/81000000009309/
官庄新村,https://zj.lianjia.com/xiaoqu/8120028695397952/
滨江花城,https://zj.lianjia.com/xiaoqu/8120028663941423/
金水湾小区(京口),https://zj.lianjia.com/xiaoqu/8120028753248881/
玉兰苑,https://zj.lianjia.com/xiaoqu/8120028763741884/
金山水城四区,https://zj.lianjia.com/xiaoqu/8120028676525146/
恒晟香榭里,https://zj.lianjia.com/xiaoqu/8120034821527151/
象山花园一区,https://zj.lianjia.com/xiaoqu/8120028422750110/
碧桂园世纪城邦,https://zj.lianjia.com/xiaoqu/8120023825760921/
新新家@,https://zj.lianjia.com/xiaoqu/8120033414696438/
钱塘61彩虹城,https://zj.lianjia.com/xiaoqu/8120028711272503/
五洲花苑,https://zj.lianjia.com/xiaoqu/8120038923772286/
富润华庭三区,https://zj.lianjia.com/xiaoqu/8120028637726889/
吉祥苑,https://zj.lianjia.com/xiaoqu/8120028755346485/
大桥新村,https://zj.lianjia.com/xiaoqu/8120034848838258/
港湾花园,https://zj.lianjia.com/xiaoqu/8120028761638314/
恒顺翠谷,https://zj.lianjia.com/xiaoqu/8120028590536477/
黄梅新村中区,https://zj.lianjia.com/xiaoqu/8120033565692411/
|篱春晓,https://zj.lianjia.com/xiaoqu/8120028577961089/
宝龙广场,https://zj.lianjia.com/xiaoqu/8120034160763981/
谷阳五区,https://zj.lianjia.com/xiaoqu/8120028376569374/
金山水城三区,https://zj.lianjia.com/xiaoqu/8120028656596828/
富兴国际半岛,https://zj.lianjia.com/xiaoqu/8120028425896041/
富润A庭二区,https://zj.lianjia.com/xiaoqu/8120028638773825/
团结新村,https://zj.lianjia.com/xiaoqu/8120028423803695/
凤凰家园鸣凰苑,https://zj.lianjia.com/xiaoqu/8120028582157276/
香草新村,https://zj.lianjia.com/xiaoqu/8120033392673992/
玉兰花园,https://zj.lianjia.com/xiaoqu/8120033465255034/
亚太国际星程,https://zj.lianjia.com/xiaoqu/8120028732167907/
逸翠园翠竹苑,https://zj.lianjia.com/xiaoqu/8120028760594402/
花山人家,https://zj.lianjia.com/xiaoqu/8120033345601726/
港中新村一区,https://zj.lianjia.com/xiaoqu/8120028766884463/
京东公寓,https://zj.lianjia.com/xiaoqu/8120028534967148/
凤坛花园,https://zj.lianjia.com/xiaoqu/8120033396983227/
黄梅镇供销社综合楼,https://zj.lianjia.com/xiaoqu/81000000001734/
大定船,https://zj.lianjia.com/xiaoqu/8120033275240148/
运粮河花园,https://zj.lianjia.com/xiaoqu/8120028685960005/
黄梅新村西区,https://zj.lianjia.com/xiaoqu/8120033485997102/
新怡苑,https://zj.lianjia.com/xiaoqu/8120028776326522/
新怡苑,https://zj.lianjia.com/xiaoqu/8120028776326522/
祥盛华庭,https://zj.lianjia.com/xiaoqu/8120028683867401/
宝华花园,https://zj.lianjia.com/xiaoqu/8120033380215256/
天正理想城,https://zj.lianjia.com/xiaoqu/8120033314153809/
四季金辉,https://zj.lianjia.com/xiaoqu/8120034810025372/
碧桂园凤凰城翰林湾,https://zj.lianjia.com/xiaoqu/8120033517456146/
恒大雅苑,https://zj.lianjia.com/xiaoqu/8120033359235686/
碧桂园凤凰城・凤仪苑,https://zj.lianjia.com/xiaoqu/8120035031241522/
仙林悦城,https://zj.lianjia.com/xiaoqu/8120033336164934/
京东紫晶,https://zj.lianjia.com/xiaoqu/8120033318346641/
碧桂园凤凰城芷兰湾,https://zj.lianjia.com/xiaoqu/8120035002936660/
泰达青筑,https://zj.lianjia.com/xiaoqu/8120033371822035/
景湖印象,https://zj.lianjia.com/xiaoqu/8120028709175349/
碧桂园凤凰城柏丽湾,https://zj.lianjia.com/xiaoqu/8120033530033228/
永隆城市广场,https://zj.lianjia.com/xiaoqu/8120028553834784/
彩虹城,https://zj.lianjia.com/xiaoqu/8120033351900725/
碧桂园凤凰城临湖苑,https://zj.lianjia.com/xiaoqu/8120035453138380/
碧桂园翡翠华府,https://zj.lianjia.com/xiaoqu/8120033341410176/
孔雀苑,https://zj.lianjia.com/xiaoqu/8120028380783975/
碧桂园仙林东郡,https://zj.lianjia.com/xiaoqu/8120033397015448/
三茅宫三区,https://zj.lianjia.com/xiaoqu/8120028631432271/
江滨新村三期,https://zj.lianjia.com/xiaoqu/8120028572716678/
濠锋星钻,https://zj.lianjia.com/xiaoqu/8120033382344565/
招商国际E城,https://zj.lianjia.com/xiaoqu/8120033338271227/
碧桂园凤凰城凤鸣苑,https://zj.lianjia.com/xiaoqu/8120033490195657/
镇江绿洲花园,https://zj.lianjia.com/xiaoqu/8120028662893738/
碧桂园凤凰城水蓝湾,https://zj.lianjia.com/xiaoqu/8120033481804998/
新城尚上城,https://zj.lianjia.com/xiaoqu/8120028709175209/
京岘家园,https://zj.lianjia.com/xiaoqu/8120028488828501/
金鼎城市花园,https://zj.lianjia.com/xiaoqu/8120033418893778/
香山壹境,https://zj.lianjia.com/xiaoqu/8120033381292837/
旭辉东壹区,https://zj.lianjia.com/xiaoqu/8120028478337297/
魏玛花园,https://zj.lianjia.com/xiaoqu/8120028683858134/
九曲花苑,https://zj.lianjia.com/xiaoqu/8120033387588452/
花山湾新村八区,https://zj.lianjia.com/xiaoqu/8120028473104114/
天玺华府,https://zj.lianjia.com/xiaoqu/8120033364366057/
碧桂园凤凰城凤雅苑,https://zj.lianjia.com/xiaoqu/8120033493337959/
碧桂园凤凰城幸福里,https://zj.lianjia.com/xiaoqu/8120034777523069/
松盛花苑,https://zj.lianjia.com/xiaoqu/8120028408028722/
江山名洲,https://zj.lianjia.com/xiaoqu/8120028441624635/
京口花园,https://zj.lianjia.com/xiaoqu/8120028503514068/
远洋心里,https://zj.lianjia.com/xiaoqu/8120033350845738/
润房润康城,https://zj.lianjia.com/xiaoqu/8120028621995216/
沃得花园二期,https://zj.lianjia.com/xiaoqu/8120028480437178/
瑞泰圣地雅格,https://zj.lianjia.com/xiaoqu/8120028703911554/
花山湾新村六区,https://zj.lianjia.com/xiaoqu/8120028464715642/
众悦华城,https://zj.lianjia.com/xiaoqu/8120033459783654/
中建大观天下,https://zj.lianjia.com/xiaoqu/8120028548599073/
建中御东国际六期,https://zj.lianjia.com/xiaoqu/8120038717103599/
绿地广场,https://zj.lianjia.com/xiaoqu/8120028655549194/
阳光西班牙,https://zj.lianjia.com/xiaoqu/8120028689109385/
逸品汤山,https://zj.lianjia.com/xiaoqu/8120033489146137/
大亚・第一城,https://zj.lianjia.com/xiaoqu/8120033489141717/
翰霖苑一期,https://zj.lianjia.com/xiaoqu/8120028408025456/
御东国际三期,https://zj.lianjia.com/xiaoqu/8120033404203414/
春天里,https://zj.lianjia.com/xiaoqu/81000000000070/
润州花园一区,https://zj.lianjia.com/xiaoqu/8120028629334578/
御东国际,https://zj.lianjia.com/xiaoqu/8120033758630637/
美亚华悦,https://zj.lianjia.com/xiaoqu/8120033452446379/
红豆香江银座,https://zj.lianjia.com/xiaoqu/8120028398590142/
福临广场,https://zj.lianjia.com/xiaoqu/8120028723872989/
润城国际,https://zj.lianjia.com/xiaoqu/8120028667088634/
钻石铭苑,https://zj.lianjia.com/xiaoqu/8120028479392852/
宝龙国际花园,https://zj.lianjia.com/xiaoqu/8120028688053554/
九润双子星公寓,https://zj.lianjia.com/xiaoqu/8120028531816101/
新城尚府,https://zj.lianjia.com/xiaoqu/8120028588446333/
光明南郡,https://zj.lianjia.com/xiaoqu/8120028681761725/
澳都花城,https://zj.lianjia.com/xiaoqu/8120033369609584/
万科沁园二期,https://zj.lianjia.com/xiaoqu/8120028576906296/
中南御锦城三区,https://zj.lianjia.com/xiaoqu/8120028399636757/
美的城二区,https://zj.lianjia.com/xiaoqu/8120035654564092/
石头巷,https://zj.lianjia.com/xiaoqu/8120028536008759/
新城吾悦广场一期,https://zj.lianjia.com/xiaoqu/8120034851971899/
沃得花园三期,https://zj.lianjia.com/xiaoqu/8120028468901715/
润州花园二区,https://zj.lianjia.com/xiaoqu/8120028609418005/
雅居乐涟山,https://zj.lianjia.com/xiaoqu/8120028661843133/
山城美景,https://zj.lianjia.com/xiaoqu/8120033288969680/
汤山鎏园,https://zj.lianjia.com/xiaoqu/8120034947359325/
S也{花@,https://zj.lianjia.com/xiaoqu/8120033488097933/
香江世纪名城,https://zj.lianjia.com/xiaoqu/8120028406999544/
宝龙国际花园二期,https://zj.lianjia.com/xiaoqu/8120040006149194/
茶山小区,https://zj.lianjia.com/xiaoqu/8120028634586708/
大自然花园,https://zj.lianjia.com/xiaoqu/8120033451394456/
和昌仙林国际,https://zj.lianjia.com/xiaoqu/8120034968325446/
恒美山庄,https://zj.lianjia.com/xiaoqu/8120028583197787/
欢喜61家,https://zj.lianjia.com/xiaoqu/8120029379376923/
江滨新村西区,https://zj.lianjia.com/xiaoqu/8120028592637666/
永安新城家园东区,https://zj.lianjia.com/xiaoqu/8120028709168418/
2077青年汇,https://zj.lianjia.com/xiaoqu/8120028732161816/
优山美地花园北区,https://zj.lianjia.com/xiaoqu/8120028623041832/
三茅宫新村一区北区,https://zj.lianjia.com/xiaoqu/8120028620948308/
东锦花园,https://zj.lianjia.com/xiaoqu/8120028548594902/
新城吾悦广场二期,https://zj.lianjia.com/xiaoqu/8120034837284949/
翰霖苑二期,https://zj.lianjia.com/xiaoqu/8120028421700200/
三茅宫二区,https://zj.lianjia.com/xiaoqu/8120028659743287/
花山湾四区,https://zj.lianjia.com/xiaoqu/81000000000002/
德润华庭,https://zj.lianjia.com/xiaoqu/8120028628289117/
华润新村,https://zj.lianjia.com/xiaoqu/8120028574807940/
桃花山庄,https://zj.lianjia.com/xiaoqu/8120028439531613/
世纪名门,https://zj.lianjia.com/xiaoqu/8120028534964986/
桃花坞新村十区,https://zj.lianjia.com/xiaoqu/8120028439529911/
香江公馆,https://zj.lianjia.com/xiaoqu/8120033339197317/
中南世纪城三区,https://zj.lianjia.com/xiaoqu/8120028405949565/
翡翠林天峰,https://zj.lianjia.com/xiaoqu/8120041491226823/
新城花园B区,https://zj.lianjia.com/xiaoqu/8120028604166777/
金润香江丽景南区,https://zj.lianjia.com/xiaoqu/8120033321366056/
碧桂园凤凰城翡翠岛B区,https://zj.lianjia.com/xiaoqu/8120035225453835/
三茅宫新村一区南区,https://zj.lianjia.com/xiaoqu/8120028621992294/
米山雅居西区,https://zj.lianjia.com/xiaoqu/8120028380764277/
恒美嘉园西区,https://zj.lianjia.com/xiaoqu/8120028588437978/
亚厦・风和苑,https://zj.lianjia.com/xiaoqu/8120028711270852/
碧桂园伯爵山,https://zj.lianjia.com/xiaoqu/8120033345612902/
香江花城红枫苑,https://zj.lianjia.com/xiaoqu/8120028379657844/
花山湾新村九区,https://zj.lianjia.com/xiaoqu/8120028627239710/
吾悦华府公馆,https://zj.lianjia.com/xiaoqu/8120033479710997/
台北上上城,https://zj.lianjia.com/xiaoqu/8120033446156237/
太古城二区,https://zj.lianjia.com/xiaoqu/8120035925198338/
桃花坞七区,https://zj.lianjia.com/xiaoqu/8120028436384908/
上房,https://zj.lianjia.com/xiaoqu/8120033385328758/
朴园上观,https://zj.lianjia.com/xiaoqu/8120028595777672/
朱方路209号,https://zj.lianjia.com/xiaoqu/8120034304405966/
华府紫源,https://zj.lianjia.com/xiaoqu/8120029797859954/
东方盛世,https://zj.lianjia.com/xiaoqu/8120033419939292/
翡翠林悦庭,https://zj.lianjia.com/xiaoqu/8120033412599360/
名都新F,https://zj.lianjia.com/xiaoqu/8120033485993487/
华都名城荣锦苑,https://zj.lianjia.com/xiaoqu/8120028631435760/
江滨路,https://zj.lianjia.com/xiaoqu/81000000000049/
东方花园别墅,https://zj.lianjia.com/xiaoqu/8120034896019637/
花山湾新村七区,https://zj.lianjia.com/xiaoqu/8120028464710394/
春柳花苑,https://zj.lianjia.com/xiaoqu/8120033647472734/
扬中公馆,https://zj.lianjia.com/xiaoqu/8120033589804769/
L江花城三区,https://zj.lianjia.com/xiaoqu/8120033546819600/
聚福@,https://zj.lianjia.com/xiaoqu/8120033530036727/
丽景花园,https://zj.lianjia.com/xiaoqu/8120033538426755/
长江花城五期,https://zj.lianjia.com/xiaoqu/8120033497531323/
山水半岛,https://zj.lianjia.com/xiaoqu/8120028699681606/
阳光世纪花园百合苑,https://zj.lianjia.com/xiaoqu/8120028559087040/
我家山水瑞雪苑,https://zj.lianjia.com/xiaoqu/81000000000106/
上河御府,https://zj.lianjia.com/xiaoqu/8120028502456629/
城南映象,https://zj.lianjia.com/xiaoqu/8120028601022565/
新城花园A区,https://zj.lianjia.com/xiaoqu/8120028606263583/
丰盛山庄西区,https://zj.lianjia.com/xiaoqu/8120028589491929/
桃花坞132号商住楼,https://zj.lianjia.com/xiaoqu/8120028426942080/
远洋香奈河畔一期,https://zj.lianjia.com/xiaoqu/8120028558034005/
香江花城桃李苑,https://zj.lianjia.com/xiaoqu/8120028398611213/
香江花城金桂苑,https://zj.lianjia.com/xiaoqu/8120028379658855/
香江花城滨江苑,https://zj.lianjia.com/xiaoqu/8120028413292117/
黄山花园东区,https://zj.lianjia.com/xiaoqu/8120028603127705/
我家山水新月苑,https://zj.lianjia.com/xiaoqu/81000000000066/
万科魅力之城一街区东区,https://zj.lianjia.com/xiaoqu/8120028666041392/
酒海街小区,https://zj.lianjia.com/xiaoqu/8120028552790270/
品尊世家,https://zj.lianjia.com/xiaoqu/8120028662888875/
旭辉时代城,https://zj.lianjia.com/xiaoqu/8120028523437711/
丽景花园,https://zj.lianjia.com/xiaoqu/8120033538426755/
聚福@,https://zj.lianjia.com/xiaoqu/8120033530036727/
扬中公馆,https://zj.lianjia.com/xiaoqu/8120033589804769/
长江花城五期,https://zj.lianjia.com/xiaoqu/8120033497531323/
L江花城三区,https://zj.lianjia.com/xiaoqu/8120033546819600/
美馨嘉园,https://zj.lianjia.com/xiaoqu/8120028448980344/
凯悦山庄,https://zj.lianjia.com/xiaoqu/8120028750103816/
正大公寓,https://zj.lianjia.com/xiaoqu/8120033484943985/
招商依云尚城,https://zj.lianjia.com/xiaoqu/8120029801019450/
朱方路209号,https://zj.lianjia.com/xiaoqu/8120034304405966/
江滨路,https://zj.lianjia.com/xiaoqu/81000000000049/
花山湾新村七区,https://zj.lianjia.com/xiaoqu/8120028464710394/
阳光世纪花园百合苑,https://zj.lianjia.com/xiaoqu/8120028559087040/
馨逸家园,https://zj.lianjia.com/xiaoqu/8120028530777401/
黄山花园西区,https://zj.lianjia.com/xiaoqu/8120028602078827/
尚海花园（尚海茗苑）,https://zj.lianjia.com/xiaoqu/8120028561185572/
美景豪庭西区,https://zj.lianjia.com/xiaoqu/8120028376571425/
山水半岛,https://zj.lianjia.com/xiaoqu/8120028699681606/
象山桥一村,https://zj.lianjia.com/xiaoqu/81000000000086/
华都名城荣锦苑,https://zj.lianjia.com/xiaoqu/8120028631435760/
名都新F,https://zj.lianjia.com/xiaoqu/8120033485993487/
华府紫源,https://zj.lianjia.com/xiaoqu/8120029797859954/
东方盛世,https://zj.lianjia.com/xiaoqu/8120033419939292/
翡翠林悦庭,https://zj.lianjia.com/xiaoqu/8120033412599360/
东方花园别墅,https://zj.lianjia.com/xiaoqu/8120034896019637/
瑞景山庄,https://zj.lianjia.com/xiaoqu/8120028466803402/
东吴路78号,https://zj.lianjia.com/xiaoqu/81000000000103/
太平寺巷1号,https://zj.lianjia.com/xiaoqu/81000000000100/
绿地镇江城际空间站,https://zj.lianjia.com/xiaoqu/8120035707962990/
龙脉广场,https://zj.lianjia.com/xiaoqu/8120028562234542/
华珊豪庭,https://zj.lianjia.com/xiaoqu/8120045793350332/
烈士路7号,https://zj.lianjia.com/xiaoqu/8120048388892228/
京岘山111号,https://zj.lianjia.com/xiaoqu/8120048409850649/
春天里,https://zj.lianjia.com/xiaoqu/8120047624468709/
上水名都,https://zj.lianjia.com/xiaoqu/8120033518508352/
边城悦都荟,https://zj.lianjia.com/xiaoqu/8120045666471731/
南风苑,https://zj.lianjia.com/xiaoqu/8120033370656863/
京口路54号,https://zj.lianjia.com/xiaoqu/8120036682509590/
春城花园,https://zj.lianjia.com/xiaoqu/8120033321371162/
水上国际花城东区,https://zj.lianjia.com/xiaoqu/8120033517452753/
凯悦国际,https://zj.lianjia.com/xiaoqu/8120033531085337/
晶都国际,https://zj.lianjia.com/xiaoqu/8120033475509325/
教工宿舍,https://zj.lianjia.com/xiaoqu/8120028559086201/
高德庄园,https://zj.lianjia.com/xiaoqu/8120025089819285/
鑫福苑,https://zj.lianjia.com/xiaoqu/8120047580387214/
蓝波湾,https://zj.lianjia.com/xiaoqu/8120050871384103/
嘉源大厦,https://zj.lianjia.com/xiaoqu/8120049689435428/
蛤蟆院,https://zj.lianjia.com/xiaoqu/8120042243062701/
天正置业广场,https://zj.lianjia.com/xiaoqu/8120041617054894/
网巾桥,https://zj.lianjia.com/xiaoqu/81000000000009/
御湖枫景,https://zj.lianjia.com/xiaoqu/8120033329759153/
永康公寓(丹阳市),https://zj.lianjia.com/xiaoqu/8120033288870078/
集成公寓,https://zj.lianjia.com/xiaoqu/8120033258455485/
剪子巷,https://zj.lianjia.com/xiaoqu/8120042766483606/
黄山雅居,https://zj.lianjia.com/xiaoqu/8120028624098410/
香山庄园,https://zj.lianjia.com/xiaoqu/81000000000593/
中南・香漫园,https://zj.lianjia.com/xiaoqu/8120045944347821/
红星・檀宫,https://zj.lianjia.com/xiaoqu/8120045847873986/
碧桂园龙山源著,https://zj.lianjia.com/xiaoqu/8120045867807981/
中南.上悦城,https://zj.lianjia.com/xiaoqu/8120045418998499/
龙山庄园,https://zj.lianjia.com/xiaoqu/8120028707050672/
南门大街271,https://zj.lianjia.com/xiaoqu/81000000000028/
香江花城紫薇苑,https://zj.lianjia.com/xiaoqu/8120028378687458/
黄山花园东区,https://zj.lianjia.com/xiaoqu/8120028603127705/
聚鑫雅苑,https://zj.lianjia.com/xiaoqu/8120028604172275/
桃花源,https://zj.lianjia.com/xiaoqu/8120028612558256/
臻岳君庭,https://zj.lianjia.com/xiaoqu/8120028533912028/
梦溪嘉苑五区,https://zj.lianjia.com/xiaoqu/8120028461570192/
医政路5号院,https://zj.lianjia.com/xiaoqu/8120028510846886/
荣盛花园,https://zj.lianjia.com/xiaoqu/8120028689108649/
江苏科技大学住宅区一村,https://zj.lianjia.com/xiaoqu/8120028564323040/
华星新村,https://zj.lianjia.com/xiaoqu/8120028563279790/
枫雅苑,https://zj.lianjia.com/xiaoqu/8120028662893040/
汇金天地,https://zj.lianjia.com/xiaoqu/8120034886584263/
第一楼街,https://zj.lianjia.com/xiaoqu/8120028506650273/
盛达新村,https://zj.lianjia.com/xiaoqu/8120028410125007/
枫华丽府,https://zj.lianjia.com/xiaoqu/8120028668129515/
花山湾新村二区,https://zj.lianjia.com/xiaoqu/8120028482541208/
米山雅居东区,https://zj.lianjia.com/xiaoqu/8120028410141919/
国际花园,https://zj.lianjia.com/xiaoqu/8120033591904295/
牌湾街189号小区,https://zj.lianjia.com/xiaoqu/8120034182767305/
王家巷,https://zj.lianjia.com/xiaoqu/8120028488830925/
阳光世纪花园云杉苑,https://zj.lianjia.com/xiaoqu/8120028616759714/
万和世家,https://zj.lianjia.com/xiaoqu/8120028659747515/
品尊世家,https://zj.lianjia.com/xiaoqu/8120028662888875/
旭辉时代城,https://zj.lianjia.com/xiaoqu/8120028523437711/
香域花园,https://zj.lianjia.com/xiaoqu/8120028709168064/
紫榭丽舍,https://zj.lianjia.com/xiaoqu/8120028478346606/
京河小区,https://zj.lianjia.com/xiaoqu/8120028506650712/
金西花园,https://zj.lianjia.com/xiaoqu/8120028685961055/
康德嘉苑,https://zj.lianjia.com/xiaoqu/8120028615710262/
新欣家园,https://zj.lianjia.com/xiaoqu/8120028537069099/
紫郡丽舍,https://zj.lianjia.com/xiaoqu/8120028483589674/
中南御锦城二区,https://zj.lianjia.com/xiaoqu/8120028398608911/
城市绿洲,https://zj.lianjia.com/xiaoqu/8120033292016676/
江南华庭,https://zj.lianjia.com/xiaoqu/8120028642965190/
我家山水新月苑,https://zj.lianjia.com/xiaoqu/81000000000066/
南门花园二期,https://zj.lianjia.com/xiaoqu/8120033338151237/
东岳巷十四号大院,https://zj.lianjia.com/xiaoqu/8120028511894116/
太平庵,https://zj.lianjia.com/xiaoqu/81000000000113/
长江路287号院,https://zj.lianjia.com/xiaoqu/8120028688058355/
万科魅力之城一街区东区,https://zj.lianjia.com/xiaoqu/8120028666041392/
酒海街小区,https://zj.lianjia.com/xiaoqu/8120028552790270/
梦溪路40-2号,https://zj.lianjia.com/xiaoqu/81000000000090/
西柴院小区,https://zj.lianjia.com/xiaoqu/8120028481483194/
东尼公寓,https://zj.lianjia.com/xiaoqu/8120033390575345/
L翔花@城,https://zj.lianjia.com/xiaoqu/8120033471323479/
千秋府邸,https://zj.lianjia.com/xiaoqu/8120033336053860/
东湖雅苑,https://zj.lianjia.com/xiaoqu/8120033384282829/
世茂・香樟园,https://zj.lianjia.com/xiaoqu/8120033514307168/
东吴路26号,https://zj.lianjia.com/xiaoqu/8120040584051073/
解放路3号,https://zj.lianjia.com/xiaoqu/8120036584999723/
温州城,https://zj.lianjia.com/xiaoqu/8120033294208251/
梳儿巷,https://zj.lianjia.com/xiaoqu/8120040737130741/
水岸名居,https://zj.lianjia.com/xiaoqu/8120033361214727/
南门花园,https://zj.lianjia.com/xiaoqu/8120033320322126/
水畔御景锦园,https://zj.lianjia.com/xiaoqu/8120041011863916/
时代逸居,https://zj.lianjia.com/xiaoqu/8120033361213346/
清华园,https://zj.lianjia.com/xiaoqu/8120041139868579/
金城公寓,https://zj.lianjia.com/xiaoqu/8120041260449808/
春色江南馨兰苑,https://zj.lianjia.com/xiaoqu/8120028638777356/
京口路65号,https://zj.lianjia.com/xiaoqu/8120036560880865/
红星紫园,https://zj.lianjia.com/xiaoqu/8120028655558385/
普善人家,https://zj.lianjia.com/xiaoqu/8120033505915337/
天成・嘉园,https://zj.lianjia.com/xiaoqu/8120033481797717/
学府雅苑(京口),https://zj.lianjia.com/xiaoqu/8120028482535914/
万善园二村东区（万善园）,https://zj.lianjia.com/xiaoqu/8120033395821989/
中山西苑,https://zj.lianjia.com/xiaoqu/8120028591585920/
金凤凰花园,https://zj.lianjia.com/xiaoqu/8120033412597165/
名仕苑,https://zj.lianjia.com/xiaoqu/8120033410501228/
儒香苑,https://zj.lianjia.com/xiaoqu/8120033328711619/
河滨佳园,https://zj.lianjia.com/xiaoqu/8120033329759213/
学府路87号,https://zj.lianjia.com/xiaoqu/8120036683543344/
朱方路201号,https://zj.lianjia.com/xiaoqu/8120037210996108/
南马路95/96/97/98/99/100号,https://zj.lianjia.com/xiaoqu/8120036578707168/
九洲花园,https://zj.lianjia.com/xiaoqu/8120028478340185/
金山水岸,https://zj.lianjia.com/xiaoqu/8120028684906690/
雅室小苑,https://zj.lianjia.com/xiaoqu/8120028733207083/
江滨新村30号,https://zj.lianjia.com/xiaoqu/8120036032143203/
华宇大厦,https://zj.lianjia.com/xiaoqu/8120028579009859/
府前星座花园,https://zj.lianjia.com/xiaoqu/8120033415748211/
御河熙岸・幸福家,https://zj.lianjia.com/xiaoqu/8120033511160034/
开泰苑,https://zj.lianjia.com/xiaoqu/8120033425177365/
锦绣缘,https://zj.lianjia.com/xiaoqu/8120033534228166/
天正置业广场,https://zj.lianjia.com/xiaoqu/8120041617054894/
网巾桥,https://zj.lianjia.com/xiaoqu/81000000000009/
学林雅居,https://zj.lianjia.com/xiaoqu/8120033317175362/
箕巷,https://zj.lianjia.com/xiaoqu/8120038288151657/
欧洲城,https://zj.lianjia.com/xiaoqu/8120033422039509/
逸品汤山三期,https://zj.lianjia.com/xiaoqu/8120038339542442/
东岳巷十八号大院,https://zj.lianjia.com/xiaoqu/8120028506653076/
东吴路75号,https://zj.lianjia.com/xiaoqu/8120028591584600/
松盛园,https://zj.lianjia.com/xiaoqu/8120036752754324/
江滨新村30号,https://zj.lianjia.com/xiaoqu/8120036032143203/
千秋桥街,https://zj.lianjia.com/xiaoqu/8120036381510994/
普善领秀花都,https://zj.lianjia.com/xiaoqu/8120036330078213/
翠园,https://zj.lianjia.com/xiaoqu/8120034161859405/
南山浅水湾,https://zj.lianjia.com/xiaoqu/8120028707079970/
昆仑华府,https://zj.lianjia.com/xiaoqu/8120033375901775/
佳景天城,https://zj.lianjia.com/xiaoqu/8120033418890891/
京口美地,https://zj.lianjia.com/xiaoqu/8120035757338126/
朱方路72号,https://zj.lianjia.com/xiaoqu/8120034173337099/
葛仙湖花园,https://zj.lianjia.com/xiaoqu/8120034174397773/
静沁园,https://zj.lianjia.com/xiaoqu/8120033288866552/
春色江南丝竹苑,https://zj.lianjia.com/xiaoqu/8120028650304104/
华康国际,https://zj.lianjia.com/xiaoqu/8120026066636911/
黎明花园,https://zj.lianjia.com/xiaoqu/8120028601029501/
世纪晶华,https://zj.lianjia.com/xiaoqu/8120028505606195/
都市晴园紫光苑,https://zj.lianjia.com/xiaoqu/8120033303547449/
朝阳门小区,https://zj.lianjia.com/xiaoqu/8120028573758092/
东吴路188号,https://zj.lianjia.com/xiaoqu/8120038264039665/
嘉慧花园,https://zj.lianjia.com/xiaoqu/8120028481483973/
帝源都小区二期,https://zj.lianjia.com/xiaoqu/8120033351901217/
观音桥巷,https://zj.lianjia.com/xiaoqu/8120037665239450/
加州阳光,https://zj.lianjia.com/xiaoqu/8120028638776631/
千秋府邸,https://zj.lianjia.com/xiaoqu/8120033336053860/
九里街1号,https://zj.lianjia.com/xiaoqu/8120037764845215/
锦轩华庭,https://zj.lianjia.com/xiaoqu/8120033338148387/
运河路56号,https://zj.lianjia.com/xiaoqu/8120038823020052/
欣鸿公寓,https://zj.lianjia.com/xiaoqu/8120039024532003/
朱方路201号,https://zj.lianjia.com/xiaoqu/8120037210996108/
锦绣缘,https://zj.lianjia.com/xiaoqu/8120033534228166/
宝地花语墅,https://zj.lianjia.com/xiaoqu/8120037385172029/
新民东路13号,https://zj.lianjia.com/xiaoqu/8120043627674877/
天怡天颐城,https://zj.lianjia.com/xiaoqu/8120043507088338/
城市峰境,https://zj.lianjia.com/xiaoqu/8120044031443128/
紫晶公馆,https://zj.lianjia.com/xiaoqu/8120044026211210/
蛤蟆院,https://zj.lianjia.com/xiaoqu/8120042243062701/
网巾桥,https://zj.lianjia.com/xiaoqu/81000000000009/
中山西路61号,https://zj.lianjia.com/xiaoqu/8120044157276093/
嘉盛花园,https://zj.lianjia.com/xiaoqu/8120033324516076/
清馨家园,https://zj.lianjia.com/xiaoqu/8120033299353978/
剪子巷,https://zj.lianjia.com/xiaoqu/8120042766483606/
黄山雅居,https://zj.lianjia.com/xiaoqu/8120028624098410/
小观音楼巷,https://zj.lianjia.com/xiaoqu/8120038212589422/
汇锦新城,https://zj.lianjia.com/xiaoqu/8120033478656879/
藏龙御景,https://zj.lianjia.com/xiaoqu/8120044157276167/
千禧小区,https://zj.lianjia.com/xiaoqu/8120033355972240/
牌湾街233号,https://zj.lianjia.com/xiaoqu/8120043730504774/
朱方路92号,https://zj.lianjia.com/xiaoqu/8120043752523146/
学林雅居,https://zj.lianjia.com/xiaoqu/8120033317175362/
铭庭苑,https://zj.lianjia.com/xiaoqu/8120043875201947/
新华家园,https://zj.lianjia.com/xiaoqu/8120033293064760/
西更楼巷,https://zj.lianjia.com/xiaoqu/8120043047669305/
天颐城和园,https://zj.lianjia.com/xiaoqu/8120043099055181/
邮电楼,https://zj.lianjia.com/xiaoqu/81000000000250/
永康公寓(丹阳市),https://zj.lianjia.com/xiaoqu/8120033288870078/
集成公寓,https://zj.lianjia.com/xiaoqu/8120033258455485/
松盛园巷,https://zj.lianjia.com/xiaoqu/8120028558029706/
九州大厦・驭城,https://zj.lianjia.com/xiaoqu/8120038765323551/
葛仙湖花园,https://zj.lianjia.com/xiaoqu/8120034174397773/
静沁园,https://zj.lianjia.com/xiaoqu/8120033288866552/
紫荆花园南区,https://zj.lianjia.com/xiaoqu/8120033379041247/
万科锦程,https://zj.lianjia.com/xiaoqu/8120028662889407/
蛤蟆院,https://zj.lianjia.com/xiaoqu/8120042243062701/
轮船站路28号,https://zj.lianjia.com/xiaoqu/8120041082198698/
御湖枫景,https://zj.lianjia.com/xiaoqu/8120033329759153/
东吴路62号,https://zj.lianjia.com/xiaoqu/8120041391524978/
水畔御景锦园,https://zj.lianjia.com/xiaoqu/8120041011863916/
时代逸居,https://zj.lianjia.com/xiaoqu/8120033361213346/
清华园,https://zj.lianjia.com/xiaoqu/8120041139868579/
嘉盛花园,https://zj.lianjia.com/xiaoqu/8120033324516076/
昆仑华府,https://zj.lianjia.com/xiaoqu/8120033375901775/
逸品汤山二期,https://zj.lianjia.com/xiaoqu/8120038339547120/
L翔花@城,https://zj.lianjia.com/xiaoqu/8120033471323479/
世纪晶华,https://zj.lianjia.com/xiaoqu/8120028505606195/
东湖雅苑,https://zj.lianjia.com/xiaoqu/8120033384282829/
解放路3号,https://zj.lianjia.com/xiaoqu/8120036584999723/
温州城,https://zj.lianjia.com/xiaoqu/8120033294208251/
金城沁园,https://zj.lianjia.com/xiaoqu/8120033344439093/
下河头,https://zj.lianjia.com/xiaoqu/8120040835704061/
世茂・香樟园,https://zj.lianjia.com/xiaoqu/8120033514307168/
东吴路26号,https://zj.lianjia.com/xiaoqu/8120040584051073/
梳儿巷,https://zj.lianjia.com/xiaoqu/8120040737130741/
水岸名居,https://zj.lianjia.com/xiaoqu/8120033361214727/
南门花园,https://zj.lianjia.com/xiaoqu/8120033320322126/
金阳大厦,https://zj.lianjia.com/xiaoqu/8120038991991788/
富豪国际星城,https://zj.lianjia.com/xiaoqu/8120033309832260/
李家山新村二区,https://zj.lianjia.com/xiaoqu/8120039301351699/
东吴路129号,https://zj.lianjia.com/xiaoqu/8120039375795253/
普善人家,https://zj.lianjia.com/xiaoqu/8120033505915337/
万善园二村东区（万善园）,https://zj.lianjia.com/xiaoqu/8120033395821989/
儒香苑,https://zj.lianjia.com/xiaoqu/8120033328711619/
河滨佳园,https://zj.lianjia.com/xiaoqu/8120033329759213/
学府路87号,https://zj.lianjia.com/xiaoqu/8120036683543344/
金凤凰花园,https://zj.lianjia.com/xiaoqu/8120033412597165/
城隍庙街,https://zj.lianjia.com/xiaoqu/8120037164846193/
京都华庭公寓,https://zj.lianjia.com/xiaoqu/8120028503507942/
斜桥街72号,https://zj.lianjia.com/xiaoqu/8120028454220241/
长江新村,https://zj.lianjia.com/xiaoqu/8120028422753489/
周家河新村,https://zj.lianjia.com/xiaoqu/8120028513998903/
运河路101号院,https://zj.lianjia.com/xiaoqu/8120028523426593/
领秀花都,https://zj.lianjia.com/xiaoqu/8120033391623424/
黄山二村,https://zj.lianjia.com/xiaoqu/8120035782498835/
普善领秀花都,https://zj.lianjia.com/xiaoqu/8120036330078213/
千秋桥街,https://zj.lianjia.com/xiaoqu/8120036381510994/
景泉印象,https://zj.lianjia.com/xiaoqu/8120028707046095/
桃花坞六区,https://zj.lianjia.com/xiaoqu/8120028608370974/
同德里,https://zj.lianjia.com/xiaoqu/8120028466805185/
凯旋广场,https://zj.lianjia.com/xiaoqu/8120028551745886/
京口路39号,https://zj.lianjia.com/xiaoqu/8120036537798232/
运河路16号,https://zj.lianjia.com/xiaoqu/8120036539888870/
春色江南馨兰苑,https://zj.lianjia.com/xiaoqu/8120028638777356/
京口路35号,https://zj.lianjia.com/xiaoqu/8120036552491751/
京口路65号,https://zj.lianjia.com/xiaoqu/8120036560880865/
春晖园,https://zj.lianjia.com/xiaoqu/8120033347590753/
朝日苑,https://zj.lianjia.com/xiaoqu/8120028568520588/
领山别墅,https://zj.lianjia.com/xiaoqu/8120028693296189/
嘉烨・御花园,https://zj.lianjia.com/xiaoqu/8120033386382723/
运河路华城小区,https://zj.lianjia.com/xiaoqu/8120028509796823/
一品佳园,https://zj.lianjia.com/xiaoqu/8120033463977712/
寿邱街40号院,https://zj.lianjia.com/xiaoqu/8120028554891866/
黄山小区,https://zj.lianjia.com/xiaoqu/8120028609414675/
安城御@,https://zj.lianjia.com/xiaoqu/8120033476564948/
天元一品,https://zj.lianjia.com/xiaoqu/8120028649258028/
跑马山庄,https://zj.lianjia.com/xiaoqu/8120028660799406/
春色江南香柳苑,https://zj.lianjia.com/xiaoqu/8120028638770884/
逸景园,https://zj.lianjia.com/xiaoqu/8120028684906509/
月亮湾雅苑,https://zj.lianjia.com/xiaoqu/8120028641915089/
广东山庄,https://zj.lianjia.com/xiaoqu/8120028506655120/
红星紫园,https://zj.lianjia.com/xiaoqu/8120028655558385/
润龙花苑,https://zj.lianjia.com/xiaoqu/8120033508022285/
丹徒工具厂宿舍区,https://zj.lianjia.com/xiaoqu/8120028379737245/
江滨路54号,https://zj.lianjia.com/xiaoqu/8120045435740440/
丁卯桥路118-1号,https://zj.lianjia.com/xiaoqu/8120036905845431/
开发区鸿运楼,https://zj.lianjia.com/xiaoqu/81000000000261/
阳光花园(句容),https://zj.lianjia.com/xiaoqu/8120033325564914/
中建大厦,https://zj.lianjia.com/xiaoqu/8120041763867213/
碧桂园・中央公园,https://zj.lianjia.com/xiaoqu/8120033435667657/
富豪国际星城,https://zj.lianjia.com/xiaoqu/8120033309832260/
城兴首府,https://zj.lianjia.com/xiaoqu/8120033341298854/
我家山水惠风苑,https://zj.lianjia.com/xiaoqu/8120028634586014/
运河路56号,https://zj.lianjia.com/xiaoqu/8120038823020052/
南门大街,https://zj.lianjia.com/xiaoqu/8120040309200795/
福地花园,https://zj.lianjia.com/xiaoqu/8120033379038403/
嘉源首府（丹阳市）,https://zj.lianjia.com/xiaoqu/8120040306094326/
李家山新村二区,https://zj.lianjia.com/xiaoqu/8120039301351699/
东吴路129号,https://zj.lianjia.com/xiaoqu/8120039375795253/
美家福邸,https://zj.lianjia.com/xiaoqu/8120033566732625/
运河路18号,https://zj.lianjia.com/xiaoqu/8120036652096646/
红星・檀宫,https://zj.lianjia.com/xiaoqu/8120045847873986/
春城花园,https://zj.lianjia.com/xiaoqu/8120033321371162/
水上国际花城东区,https://zj.lianjia.com/xiaoqu/8120033517452753/
凯悦国际,https://zj.lianjia.com/xiaoqu/8120033531085337/
晶都国际,https://zj.lianjia.com/xiaoqu/8120033475509325/
教工宿舍,https://zj.lianjia.com/xiaoqu/8120028559086201/
高德庄园,https://zj.lianjia.com/xiaoqu/8120025089819285/
恒大港悦庭,https://zj.lianjia.com/xiaoqu/8120050870343192/
碧桂园龙山源著,https://zj.lianjia.com/xiaoqu/8120045867807981/
新北门村,https://zj.lianjia.com/xiaoqu/8120046091260657/
小定船,https://zj.lianjia.com/xiaoqu/8120033280471987/
中南.上悦城,https://zj.lianjia.com/xiaoqu/8120045418998499/
东吴路120号,https://zj.lianjia.com/xiaoqu/8120047624486466/
学仕苑,https://zj.lianjia.com/xiaoqu/8120033289912636/
风景城邦英格兰领域（农房英格兰领域）,https://zj.lianjia.com/xiaoqu/8120028692254659/
科大三村,https://zj.lianjia.com/xiaoqu/8120028513999310/
檀山嘉园,https://zj.lianjia.com/xiaoqu/8120052154064831/
镇江领城国际,https://zj.lianjia.com/xiaoqu/8120028649257511/
黄山路,https://zj.lianjia.com/xiaoqu/81000000002061/
山泽园,https://zj.lianjia.com/xiaoqu/8120028481484188/
运河新村,https://zj.lianjia.com/xiaoqu/8120028513989844/
瓯龙梦溪嘉苑一期南区,https://zj.lianjia.com/xiaoqu/8120028463666484/
蔡家圩小区,https://zj.lianjia.com/xiaoqu/8120028684910515/
恒美嘉园东区,https://zj.lianjia.com/xiaoqu/8120028577958734/
银泰祥龙雅苑,https://zj.lianjia.com/xiaoqu/8120028702838795/
嘉源东城绿洲,https://zj.lianjia.com/xiaoqu/8120028429039654/
南山一品,https://zj.lianjia.com/xiaoqu/8120028475199817/
远洋香奈河畔二期,https://zj.lianjia.com/xiaoqu/8120028406995950/
宜嘉湖庭花园,https://zj.lianjia.com/xiaoqu/8120028455276510/
美意家园,https://zj.lianjia.com/xiaoqu/8120028379657318/
三泰国际公馆,https://zj.lianjia.com/xiaoqu/8120045787068573/
雅居乐新乐府,https://zj.lianjia.com/xiaoqu/8120045666470910/
晴园公寓,https://zj.lianjia.com/xiaoqu/8120033316124300/
王家湾,https://zj.lianjia.com/xiaoqu/81000000001732/
桃西路11号,https://zj.lianjia.com/xiaoqu/8120054241998512/
麻巷门小区,https://zj.lianjia.com/xiaoqu/8120050877692538/
碧桂园・樾府,https://zj.lianjia.com/xiaoqu/8120045667523103/
小孟湖小区,https://zj.lianjia.com/xiaoqu/81000000001741/
水利局宿舍楼,https://zj.lianjia.com/xiaoqu/8120050752895225/
朱方路96号,https://zj.lianjia.com/xiaoqu/8120050726688234/
金地格林LINE,https://zj.lianjia.com/xiaoqu/8120034647338834/
江Kr林邺技gW院教职工住宅区（西）,https://zj.lianjia.com/xiaoqu/8120033357019615/
东吴路69号,https://zj.lianjia.com/xiaoqu/8120047624474311/
东吴路129号,https://zj.lianjia.com/xiaoqu/8120039375795253/
气象里七号,https://zj.lianjia.com/xiaoqu/8120039675694854/
中街,https://zj.lianjia.com/xiaoqu/8120039705035519/
温州城,https://zj.lianjia.com/xiaoqu/8120033294208251/
解放路3号,https://zj.lianjia.com/xiaoqu/8120036584999723/
清华园,https://zj.lianjia.com/xiaoqu/8120041139868579/
轮船站路28号,https://zj.lianjia.com/xiaoqu/8120041082198698/
水畔御景锦园,https://zj.lianjia.com/xiaoqu/8120041011863916/
时代逸居,https://zj.lianjia.com/xiaoqu/8120033361213346/
美家福邸,https://zj.lianjia.com/xiaoqu/8120033566732625/
运河路18号,https://zj.lianjia.com/xiaoqu/8120036652096646/
正东路,https://zj.lianjia.com/xiaoqu/8120039678843118/
华康国际,https://zj.lianjia.com/xiaoqu/8120026066636911/
黎明花园,https://zj.lianjia.com/xiaoqu/8120028601029501/
南门大街,https://zj.lianjia.com/xiaoqu/8120040309200795/
嘉源首府（丹阳市）,https://zj.lianjia.com/xiaoqu/8120040306094326/
世茂・香樟园,https://zj.lianjia.com/xiaoqu/8120033514307168/
东吴路26号,https://zj.lianjia.com/xiaoqu/8120040584051073/
东门小区,https://zj.lianjia.com/xiaoqu/8120041009776108/
瓯龙梦溪嘉苑二期,https://zj.lianjia.com/xiaoqu/8120028465756545/
明珠大厦,https://zj.lianjia.com/xiaoqu/8120036010127695/
葛仙湖花园,https://zj.lianjia.com/xiaoqu/8120034174397773/
静沁园,https://zj.lianjia.com/xiaoqu/8120033288866552/
春色江南丝竹苑,https://zj.lianjia.com/xiaoqu/8120028650304104/
梳儿巷,https://zj.lianjia.com/xiaoqu/8120040737130741/
水岸名居,https://zj.lianjia.com/xiaoqu/8120033361214727/
南门花园,https://zj.lianjia.com/xiaoqu/8120033320322126/
江苏大学校本部三区,https://zj.lianjia.com/xiaoqu/8120028410140102/
L翔花@城,https://zj.lianjia.com/xiaoqu/8120033471323479/
世纪晶华,https://zj.lianjia.com/xiaoqu/8120028505606195/
东湖雅苑,https://zj.lianjia.com/xiaoqu/8120033384282829/
狮城公寓商住楼,https://zj.lianjia.com/xiaoqu/8120033434615170/
福地花园,https://zj.lianjia.com/xiaoqu/8120033379038403/
华城美景,https://zj.lianjia.com/xiaoqu/8120033624406030/
下河头,https://zj.lianjia.com/xiaoqu/8120040835704061/
金城沁园,https://zj.lianjia.com/xiaoqu/8120033344439093/
金城公寓,https://zj.lianjia.com/xiaoqu/8120041260449808/
小观音楼巷,https://zj.lianjia.com/xiaoqu/8120038212589422/
天颐城和园,https://zj.lianjia.com/xiaoqu/8120043099055181/
万科锦程,https://zj.lianjia.com/xiaoqu/8120028662889407/
清馨家园,https://zj.lianjia.com/xiaoqu/8120033299353978/
西更楼巷,https://zj.lianjia.com/xiaoqu/8120043047669305/
新华家园,https://zj.lianjia.com/xiaoqu/8120033293064760/
嘉盛花园,https://zj.lianjia.com/xiaoqu/8120033324516076/
学林雅居,https://zj.lianjia.com/xiaoqu/8120033317175362/
雅居乐花园,https://zj.lianjia.com/xiaoqu/8120038511565355/
紫金大厦,https://zj.lianjia.com/xiaoqu/8120049822637552/
桃源里,https://zj.lianjia.com/xiaoqu/8120045663330924/
金山西路24号,https://zj.lianjia.com/xiaoqu/81000000006682/
新城九里香畔,https://zj.lianjia.com/xiaoqu/81000000003180/
电容器厂宿舍,https://zj.lianjia.com/xiaoqu/81000000009097/
物资小区,https://zj.lianjia.com/xiaoqu/81000000011322/
长江路321号,https://zj.lianjia.com/xiaoqu/8120048388892341/
红星天铂,https://zj.lianjia.com/xiaoqu/8120045461976014/
宝塔路34号,https://zj.lianjia.com/xiaoqu/8120048635468786/
珍珠路,https://zj.lianjia.com/xiaoqu/81000000009302/
云开公馆,https://zj.lianjia.com/xiaoqu/81000000005031/
靳家巷,https://zj.lianjia.com/xiaoqu/81000000013022/
新马路11号,https://zj.lianjia.com/xiaoqu/8120052412049026/
阳光城尚海茗苑,https://zj.lianjia.com/xiaoqu/8120041579258792/
山门口街19号,https://zj.lianjia.com/xiaoqu/8120049689423338/
运河路34号,https://zj.lianjia.com/xiaoqu/81000000001116/
句容恒大文化旅游城,https://zj.lianjia.com/xiaoqu/8120034968324195/
东吴路83号,https://zj.lianjia.com/xiaoqu/81000000001115/
长江路285号,https://zj.lianjia.com/xiaoqu/8120052737192488/
雅居乐花园,https://zj.lianjia.com/xiaoqu/8120038511565355/
学府路3号,https://zj.lianjia.com/xiaoqu/8120050317610621/
水利局宿舍楼,https://zj.lianjia.com/xiaoqu/8120050752895225/
美加・东部假日,https://zj.lianjia.com/xiaoqu/8120038510507608/
金山大厦,https://zj.lianjia.com/xiaoqu/8120052053385728/
朱方路96号,https://zj.lianjia.com/xiaoqu/8120050726688234/
金地格林LINE,https://zj.lianjia.com/xiaoqu/8120034647338834/
五湖院,https://zj.lianjia.com/xiaoqu/8120033273137726/
状元新村,https://zj.lianjia.com/xiaoqu/8120033351779254/
城隍庙东,https://zj.lianjia.com/xiaoqu/81000000002867/
新建里,https://zj.lianjia.com/xiaoqu/81000000001740/
朱方路98号小区,https://zj.lianjia.com/xiaoqu/81000000002976/
丹阳碧桂园,https://zj.lianjia.com/xiaoqu/8120033402117308/
珑悦苑,https://zj.lianjia.com/xiaoqu/8120035700627299/
花山湾新村一区,https://zj.lianjia.com/xiaoqu/8120028612563309/
怡心小苑,https://zj.lianjia.com/xiaoqu/8120028423806373/
I河P凰城,https://zj.lianjia.com/xiaoqu/8120033454546413/
天盛广场住宅区,https://zj.lianjia.com/xiaoqu/8120036805199616/
爱家皇家花园,https://zj.lianjia.com/xiaoqu/8120034920108642/
柒星苑,https://zj.lianjia.com/xiaoqu/81000000000104/
金色家园(丹阳市),https://zj.lianjia.com/xiaoqu/8120033269991011/
万科润园,https://zj.lianjia.com/xiaoqu/8120028667085127/
都市晴园祥云郡,https://zj.lianjia.com/xiaoqu/8120033302499106/
桃花坞新村四区,https://zj.lianjia.com/xiaoqu/8120028611517676/
万达广场公寓,https://zj.lianjia.com/xiaoqu/8120028627243562/
吾悦华府,https://zj.lianjia.com/xiaoqu/8120033445105412/
中骏四季阳光,https://zj.lianjia.com/xiaoqu/8120034159764972/
恒美嘉园B区,https://zj.lianjia.com/xiaoqu/8120028549651706/
万古一人巷,https://zj.lianjia.com/xiaoqu/81000000000110/
青筑伯爵台阅山花园,https://zj.lianjia.com/xiaoqu/81000000005033/
丁卯桥路108号,https://zj.lianjia.com/xiaoqu/8120037387270622/
山林苑,https://zj.lianjia.com/xiaoqu/8120028659752233/
朱方路204-1号,https://zj.lianjia.com/xiaoqu/81000000001753/
紫阳花园,https://zj.lianjia.com/xiaoqu/8120028615706680/
镇江领城国际,https://zj.lianjia.com/xiaoqu/8120028649257511/
黄山路,https://zj.lianjia.com/xiaoqu/81000000002061/
学仕苑,https://zj.lianjia.com/xiaoqu/8120033289912636/
山泽园,https://zj.lianjia.com/xiaoqu/8120028481484188/
运河新村,https://zj.lianjia.com/xiaoqu/8120028513989844/
科大三村,https://zj.lianjia.com/xiaoqu/8120028513999310/
檀山嘉园,https://zj.lianjia.com/xiaoqu/8120052154064831/
风景城邦英格兰领域（农房英格兰领域）,https://zj.lianjia.com/xiaoqu/8120028692254659/
朱方路98号小区,https://zj.lianjia.com/xiaoqu/81000000002976/
长江路291号,https://zj.lianjia.com/xiaoqu/81000000003396/
西体分场小区,https://zj.lianjia.com/xiaoqu/81000000004324/
黄山南路28号,https://zj.lianjia.com/xiaoqu/81000000004326/
全福路50号,https://zj.lianjia.com/xiaoqu/8120048536865060/
文华城二期,https://zj.lianjia.com/xiaoqu/81000000004013/
象山桥二村,https://zj.lianjia.com/xiaoqu/81000000003901/
学沟巷,https://zj.lianjia.com/xiaoqu/8120056036347172/
东方红公寓,https://zj.lianjia.com/xiaoqu/81000000000799/
金山新村,https://zj.lianjia.com/xiaoqu/8120037307447497/
天悦府,https://zj.lianjia.com/xiaoqu/8120038763226530/
城隍庙东,https://zj.lianjia.com/xiaoqu/81000000002867/
新建里,https://zj.lianjia.com/xiaoqu/81000000001740/
新民东路13号,https://zj.lianjia.com/xiaoqu/8120043627674877/
丹徒工具厂宿舍区,https://zj.lianjia.com/xiaoqu/8120028379737245/
百里o景,https://zj.lianjia.com/xiaoqu/8120034169199384/
中山西路55号,https://zj.lianjia.com/xiaoqu/8120046465643763/
中城商住楼,https://zj.lianjia.com/xiaoqu/8120047901298830/
华珊豪庭,https://zj.lianjia.com/xiaoqu/8120045793350332/
烈士路7号,https://zj.lianjia.com/xiaoqu/8120048388892228/
京岘山111号,https://zj.lianjia.com/xiaoqu/8120048409850649/
春天里,https://zj.lianjia.com/xiaoqu/8120047624468709/
上水名都,https://zj.lianjia.com/xiaoqu/8120033518508352/
边城悦都荟,https://zj.lianjia.com/xiaoqu/8120045666471731/
江滨美寓,https://zj.lianjia.com/xiaoqu/8120048786450505/
兴业路222号,https://zj.lianjia.com/xiaoqu/8120049414654528/
古楼一村,https://zj.lianjia.com/xiaoqu/8120049138868312/
南风苑,https://zj.lianjia.com/xiaoqu/8120033370656863/
京口路54号,https://zj.lianjia.com/xiaoqu/8120036682509590/
普罗旺斯小镇,https://zj.lianjia.com/xiaoqu/8120045770291881/
君临南山,https://zj.lianjia.com/xiaoqu/8120028654500094/
气象里,https://zj.lianjia.com/xiaoqu/8120028732167046/
朱方路204-1号,https://zj.lianjia.com/xiaoqu/81000000001753/
东岳巷,https://zj.lianjia.com/xiaoqu/81000000003592/
中央广场,https://zj.lianjia.com/xiaoqu/8120036031090142/
恒顺尚都花苑,https://zj.lianjia.com/xiaoqu/8120028497215981/
紫阳花园,https://zj.lianjia.com/xiaoqu/8120028615706680/
桃花坞三区,https://zj.lianjia.com/xiaoqu/8120028605226850/
江南人家,https://zj.lianjia.com/xiaoqu/8120035056439244/
南湖庄园,https://zj.lianjia.com/xiaoqu/8120045736738010/
云河湾,https://zj.lianjia.com/xiaoqu/8120028427999384/
I河P凰城,https://zj.lianjia.com/xiaoqu/8120033454546413/
国信宜和,https://zj.lianjia.com/xiaoqu/8120028624095137/
金色家园(丹阳市),https://zj.lianjia.com/xiaoqu/8120033269991011/
天盛广场住宅区,https://zj.lianjia.com/xiaoqu/8120036805199616/
桃花坞新村四区,https://zj.lianjia.com/xiaoqu/8120028611517676/
柒星苑,https://zj.lianjia.com/xiaoqu/81000000000104/
万科润园,https://zj.lianjia.com/xiaoqu/8120028667085127/
都市晴园祥云郡,https://zj.lianjia.com/xiaoqu/8120033302499106/
爱家皇家花园,https://zj.lianjia.com/xiaoqu/8120034920108642/
恒美嘉园B区,https://zj.lianjia.com/xiaoqu/8120028549651706/
万古一人巷,https://zj.lianjia.com/xiaoqu/81000000000110/
镇江领城国际,https://zj.lianjia.com/xiaoqu/8120028649257511/
黄山路,https://zj.lianjia.com/xiaoqu/81000000002061/
山泽园,https://zj.lianjia.com/xiaoqu/8120028481484188/
运河新村,https://zj.lianjia.com/xiaoqu/8120028513989844/
檀山嘉园,https://zj.lianjia.com/xiaoqu/8120052154064831/
风景城邦英格兰领域（农房英格兰领域）,https://zj.lianjia.com/xiaoqu/8120028692254659/
学仕苑,https://zj.lianjia.com/xiaoqu/8120033289912636/
科大三村,https://zj.lianjia.com/xiaoqu/8120028513999310/
六物大院,https://zj.lianjia.com/xiaoqu/81000000005876/
桃西路6号,https://zj.lianjia.com/xiaoqu/81000000006178/
晨钟艺境,https://zj.lianjia.com/xiaoqu/8120038510508993/
义士路,https://zj.lianjia.com/xiaoqu/81000000004738/
文化雅居,https://zj.lianjia.com/xiaoqu/8120033271040297/
全福路50号,https://zj.lianjia.com/xiaoqu/8120048536865060/
文华城二期,https://zj.lianjia.com/xiaoqu/81000000004013/
伯爵台,https://zj.lianjia.com/xiaoqu/8120040373212054/
金虹花园,https://zj.lianjia.com/xiaoqu/81000000002773/
回龙山庄,https://zj.lianjia.com/xiaoqu/8120044416297702/
熙悦城,https://zj.lianjia.com/xiaoqu/81000000003402/
黄山南路28号,https://zj.lianjia.com/xiaoqu/81000000004326/
马家山路,https://zj.lianjia.com/xiaoqu/81000000004537/
玉清一巷18号,https://zj.lianjia.com/xiaoqu/81000000004435/
润居商务中心,https://zj.lianjia.com/xiaoqu/8120050140401325/
会莲庵街2号,https://zj.lianjia.com/xiaoqu/81000000002051/
恒宇大厦,https://zj.lianjia.com/xiaoqu/8120045788104893/
碧桂园・时代城,https://zj.lianjia.com/xiaoqu/8120033322419113/
南门大街205号,https://zj.lianjia.com/xiaoqu/81000000002758/
东岳巷22号,https://zj.lianjia.com/xiaoqu/81000000003398/
城隍庙东,https://zj.lianjia.com/xiaoqu/81000000002867/
紫荆花园北区,https://zj.lianjia.com/xiaoqu/8120033352834036/
香江世纪名城・香江苑,https://zj.lianjia.com/xiaoqu/81000000003085/
京凌大厦,https://zj.lianjia.com/xiaoqu/81000000002571/
聚旺城市花园,https://zj.lianjia.com/xiaoqu/8120028684913270/
融创观澜公馆,https://zj.lianjia.com/xiaoqu/8120044419444009/
万达广场写字楼,https://zj.lianjia.com/xiaoqu/8120035924156006/
鑫韵花苑,https://zj.lianjia.com/xiaoqu/8120028653458564/
贺家弄,https://zj.lianjia.com/xiaoqu/8120035077415197/
华都名城美锦苑,https://zj.lianjia.com/xiaoqu/8120028629333352/
花山湾新村三区,https://zj.lianjia.com/xiaoqu/8120028498263826/
中骏四季阳光,https://zj.lianjia.com/xiaoqu/8120034159764972/
吾悦华府,https://zj.lianjia.com/xiaoqu/8120033445105412/
常发广场住宅小区,https://zj.lianjia.com/xiaoqu/8120028631431919/
悠然居,https://zj.lianjia.com/xiaoqu/8120028690157222/
路劲・横山郡,https://zj.lianjia.com/xiaoqu/8120029792619667/
华府天地,https://zj.lianjia.com/xiaoqu/8120028698634860/
银泰祥龙雅苑,https://zj.lianjia.com/xiaoqu/8120028702838795/
美意家园,https://zj.lianjia.com/xiaoqu/8120028379657318/
青筑伯爵台阅山花园,https://zj.lianjia.com/xiaoqu/81000000005033/
茶砚山庄,https://zj.lianjia.com/xiaoqu/8120029793655518/
山林苑,https://zj.lianjia.com/xiaoqu/8120028659752233/
丁卯桥路108号,https://zj.lianjia.com/xiaoqu/8120037387270622/
桃花坞新村五区,https://zj.lianjia.com/xiaoqu/8120028612561318/
碧桂园凤凰城,https://zj.lianjia.com/xiaoqu/8120024860099628/
瓯龙梦溪嘉苑一期南区,https://zj.lianjia.com/xiaoqu/8120028463666484/
御墅临枫,https://zj.lianjia.com/xiaoqu/8120028700735912/
南山一品,https://zj.lianjia.com/xiaoqu/8120028475199817/
嘉源东城绿洲,https://zj.lianjia.com/xiaoqu/8120028429039654/
远洋香奈河畔二期,https://zj.lianjia.com/xiaoqu/8120028406995950/
宜嘉湖庭花园,https://zj.lianjia.com/xiaoqu/8120028455276510/
蔡家圩小区,https://zj.lianjia.com/xiaoqu/8120028684910515/
u园,https://zj.lianjia.com/xiaoqu/8120040881875889/
凯旋国际,https://zj.lianjia.com/xiaoqu/8120028550697947/
演军巷,https://zj.lianjia.com/xiaoqu/81000000000032/
朱方大厦,https://zj.lianjia.com/xiaoqu/8120035782497366/
置业新村,https://zj.lianjia.com/xiaoqu/8120028453181118/
金色阳光,https://zj.lianjia.com/xiaoqu/8120028704925233/
黄山新村,https://zj.lianjia.com/xiaoqu/8120028607317958/
清河湾,https://zj.lianjia.com/xiaoqu/8120028682821378/
万科金域江湾,https://zj.lianjia.com/xiaoqu/8120042316525614/
蓝城桂语兰庭,https://zj.lianjia.com/xiaoqu/8120045663330693/
中南颐居・合山居,https://zj.lianjia.com/xiaoqu/8120045770291875/
自由领地,https://zj.lianjia.com/xiaoqu/8120028504552107/
骆驼岭,https://zj.lianjia.com/xiaoqu/8120053948335466/
碧水湾玉园玖悦苑,https://zj.lianjia.com/xiaoqu/8120040355420049/
宁宝花园,https://zj.lianjia.com/xiaoqu/8120033297360466/
火坛楼巷,https://zj.lianjia.com/xiaoqu/8120041539467689/
新城花园四区,https://zj.lianjia.com/xiaoqu/8120028588447831/
天怡南方名居,https://zj.lianjia.com/xiaoqu/8120033353878035/
凤凰郡,https://zj.lianjia.com/xiaoqu/8120033353877994/
银河之都东苑,https://zj.lianjia.com/xiaoqu/8120033354926889/
东吴新苑,https://zj.lianjia.com/xiaoqu/8120028377634522/
御珑湾,https://zj.lianjia.com/xiaoqu/8120033508014509/
碧桂园大学印象峰景苑,https://zj.lianjia.com/xiaoqu/8120033382344564/
金山翠堤春晓,https://zj.lianjia.com/xiaoqu/8120028689107302/
仙林首望城,https://zj.lianjia.com/xiaoqu/8120032227444097/
香山华庭,https://zj.lianjia.com/xiaoqu/8120028376512435/
领东天第,https://zj.lianjia.com/xiaoqu/8120028477297005/
碧桂园新城樾林苑,https://zj.lianjia.com/xiaoqu/8120043043453571/
仙林印象,https://zj.lianjia.com/xiaoqu/8120034174440993/
启迪协信太古城,https://zj.lianjia.com/xiaoqu/8120034818428131/
天和星城,https://zj.lianjia.com/xiaoqu/8120028614654665/
景天花园,https://zj.lianjia.com/xiaoqu/8120028593687259/
恒泰学府里,https://zj.lianjia.com/xiaoqu/8120028619900808/
碧桂园翡翠华府二期,https://zj.lianjia.com/xiaoqu/8120033341419155/
紫竹园,https://zj.lianjia.com/xiaoqu/8120033391629442/
八角亭,https://zj.lianjia.com/xiaoqu/8120036679355998/
融创悦秀园,https://zj.lianjia.com/xiaoqu/8120034392575155/
亚东紫檀,https://zj.lianjia.com/xiaoqu/8120028659750526/
绿地香颂苑,https://zj.lianjia.com/xiaoqu/81000000002760/
首创・悦府,https://zj.lianjia.com/xiaoqu/8120028538112731/
朗香园,https://zj.lianjia.com/xiaoqu/8120028682817904/
恒大名都,https://zj.lianjia.com/xiaoqu/8120033497527318/
中骏四季阳光,https://zj.lianjia.com/xiaoqu/8120034159764972/
吾悦华府,https://zj.lianjia.com/xiaoqu/8120033445105412/
金桥花园,https://zj.lianjia.com/xiaoqu/8120028638778035/
银河之都东苑,https://zj.lianjia.com/xiaoqu/8120033354926889/
东吴新苑,https://zj.lianjia.com/xiaoqu/8120028377634522/
碧桂园大学印象峰景苑,https://zj.lianjia.com/xiaoqu/8120033382344564/
中南颐居・合山居,https://zj.lianjia.com/xiaoqu/8120045770291875/
自由领地,https://zj.lianjia.com/xiaoqu/8120028504552107/
御珑湾,https://zj.lianjia.com/xiaoqu/8120033508014509/
骆驼岭,https://zj.lianjia.com/xiaoqu/8120053948335466/
碧水湾玉园玖悦苑,https://zj.lianjia.com/xiaoqu/8120040355420049/
宁宝花园,https://zj.lianjia.com/xiaoqu/8120033297360466/
火坛楼巷,https://zj.lianjia.com/xiaoqu/8120041539467689/
天怡南方名居,https://zj.lianjia.com/xiaoqu/8120033353878035/
新城花园四区,https://zj.lianjia.com/xiaoqu/8120028588447831/
金山翠堤春晓,https://zj.lianjia.com/xiaoqu/8120028689107302/
凤凰郡,https://zj.lianjia.com/xiaoqu/8120033353877994/
碧桂园翡翠华府二期,https://zj.lianjia.com/xiaoqu/8120033341419155/
恒泰学府里,https://zj.lianjia.com/xiaoqu/8120028619900808/
紫竹园,https://zj.lianjia.com/xiaoqu/8120033391629442/
香山华庭,https://zj.lianjia.com/xiaoqu/8120028376512435/
仙林首望城,https://zj.lianjia.com/xiaoqu/8120032227444097/
鼎星都市汇,https://zj.lianjia.com/xiaoqu/8120045647605460/
紫悦府,https://zj.lianjia.com/xiaoqu/8120043870769460/
荣城国际,https://zj.lianjia.com/xiaoqu/8120033333957270/
桃花坞新村八区,https://zj.lianjia.com/xiaoqu/8120028628290077/
碧桂园・江南世家,https://zj.lianjia.com/xiaoqu/8120033473413632/
清怡嘉苑,https://zj.lianjia.com/xiaoqu/8120028703887499/
医政路,https://zj.lianjia.com/xiaoqu/8120050221123688/
宜和A区,https://zj.lianjia.com/xiaoqu/8120033296211437/
启迪协信太古城,https://zj.lianjia.com/xiaoqu/8120034818428131/
荣城国际,https://zj.lianjia.com/xiaoqu/8120033333957270/
南门大街215号,https://zj.lianjia.com/xiaoqu/8120041362165035/
碧桂园新城樾林苑,https://zj.lianjia.com/xiaoqu/8120043043453571/
仙林印象,https://zj.lianjia.com/xiaoqu/8120034174440993/
领东天第,https://zj.lianjia.com/xiaoqu/8120028477297005/
鼎星都市汇,https://zj.lianjia.com/xiaoqu/8120045647605460/
仙林首望城,https://zj.lianjia.com/xiaoqu/8120032227444097/
桃花坞新村八区,https://zj.lianjia.com/xiaoqu/8120028628290077/
紫悦府,https://zj.lianjia.com/xiaoqu/8120043870769460/
中南世纪城望江,https://zj.lianjia.com/xiaoqu/8120036860758181/
京岘山庄,https://zj.lianjia.com/xiaoqu/8120028462620320/
香榭丽舍,https://zj.lianjia.com/xiaoqu/8120028676523408/
碧桂园大学印象,https://zj.lianjia.com/xiaoqu/8120020752427312/
四季经典,https://zj.lianjia.com/xiaoqu/8120028435331320/
中建大观天下二期,https://zj.lianjia.com/xiaoqu/8120028534963009/
句容台北国际社区,https://zj.lianjia.com/xiaoqu/8120033432521680/
金色家园(句容),https://zj.lianjia.com/xiaoqu/8120033324516866/
优山美地花园南区,https://zj.lianjia.com/xiaoqu/8120028656604519/
香江花城御花苑,https://zj.lianjia.com/xiaoqu/8120028479391069/
桃花坞十二区,https://zj.lianjia.com/xiaoqu/8120028447929823/
润江家园,https://zj.lianjia.com/xiaoqu/8120028381814659/
百盛家园,https://zj.lianjia.com/xiaoqu/8120028630383111/
碧桂园凤凰城星悦湾,https://zj.lianjia.com/xiaoqu/81000000004015/
尚东国际,https://zj.lianjia.com/xiaoqu/8120028623044474/
粤港臻园,https://zj.lianjia.com/xiaoqu/8120043525960594/
新城樾府,https://zj.lianjia.com/xiaoqu/8120038765324491/
朱方路102号,https://zj.lianjia.com/xiaoqu/8120037308510074/
南府巷,https://zj.lianjia.com/xiaoqu/8120049361172801/
万科蓝山,https://zj.lianjia.com/xiaoqu/8120029795763898/
四季经典,https://zj.lianjia.com/xiaoqu/8120028435331320/
句容台北国际社区,https://zj.lianjia.com/xiaoqu/8120033432521680/
朱方路206号院,https://zj.lianjia.com/xiaoqu/8120028621993338/
中建大观天下二期,https://zj.lianjia.com/xiaoqu/8120028534963009/
桃花坞十二区,https://zj.lianjia.com/xiaoqu/8120028447929823/
碧桂园凤凰城星悦湾,https://zj.lianjia.com/xiaoqu/81000000004015/
江河汇南庭,https://zj.lianjia.com/xiaoqu/8120028454226933/
尚东国际,https://zj.lianjia.com/xiaoqu/8120028623044474/
仙林悦城新街坊,https://zj.lianjia.com/xiaoqu/8120034817361927/
粤港臻园,https://zj.lianjia.com/xiaoqu/8120043525960594/
我家山水彩虹苑,https://zj.lianjia.com/xiaoqu/8120028684906889/
美的城三区,https://zj.lianjia.com/xiaoqu/8120048035523327/
龙港南徐山庄,https://zj.lianjia.com/xiaoqu/8120028561184584/
中南公园物语,https://zj.lianjia.com/xiaoqu/8120028422754109/
新城花园三区,https://zj.lianjia.com/xiaoqu/8120028606265070/
美的城,https://zj.lianjia.com/xiaoqu/8120029796813478/
紫榭丽舍二期,https://zj.lianjia.com/xiaoqu/8120046347156811/
金港名人府,https://zj.lianjia.com/xiaoqu/8120028770037555/
古更楼巷,https://zj.lianjia.com/xiaoqu/81000000000122/
月亮花苑,https://zj.lianjia.com/xiaoqu/8120028630389929/
云开甲第花园,https://zj.lianjia.com/xiaoqu/8120028657646794/
梦溪嘉苑三期,https://zj.lianjia.com/xiaoqu/8120028485680479/
英伦印象,https://zj.lianjia.com/xiaoqu/8120033455594318/
同城世家,https://zj.lianjia.com/xiaoqu/8120033358196175/
朗诗万都玲珑樾,https://zj.lianjia.com/xiaoqu/8120034213244822/
新湖仙林翠谷,https://zj.lianjia.com/xiaoqu/8120034919061049/
大山地,https://zj.lianjia.com/xiaoqu/8120033387588970/
北固湾小区三区,https://zj.lianjia.com/xiaoqu/8120028477300519/
锦隆云山墅,https://zj.lianjia.com/xiaoqu/8120038764276695/
金科观天下,https://zj.lianjia.com/xiaoqu/8120033381292484/
白莲巷,https://zj.lianjia.com/xiaoqu/81000000000085/
万科红郡西岸,https://zj.lianjia.com/xiaoqu/8120028677569074/
碧桂园凤凰城凤凰岛,https://zj.lianjia.com/xiaoqu/8120034974669405/
碧桂园凤凰城翡翠岛A区,https://zj.lianjia.com/xiaoqu/81000000000068/
梧桐墅,https://zj.lianjia.com/xiaoqu/8120033522695263/
梦溪园巷,https://zj.lianjia.com/xiaoqu/81000000000128/
阳光世纪花园梧桐苑,https://zj.lianjia.com/xiaoqu/8120028569575321/
亚|朴@南区,https://zj.lianjia.com/xiaoqu/8120028579011554/
馨海家园,https://zj.lianjia.com/xiaoqu/8120028531820539/
恒顺翠竹园,https://zj.lianjia.com/xiaoqu/8120028551747503/
香格里拉庄园,https://zj.lianjia.com/xiaoqu/8120028696446285/
玺湖别墅,https://zj.lianjia.com/xiaoqu/8120028703910529/
梦溪花苑,https://zj.lianjia.com/xiaoqu/8120028556985495/
阳光世纪花园紫荆苑,https://zj.lianjia.com/xiaoqu/8120028575859652/
江山名洲阅江园,https://zj.lianjia.com/xiaoqu/8120035978669821/
老北门,https://zj.lianjia.com/xiaoqu/81000000000007/
甘露苑,https://zj.lianjia.com/xiaoqu/8120028455273241/
锦江花园(京口),https://zj.lianjia.com/xiaoqu/8120028732167523/
娄巷,https://zj.lianjia.com/xiaoqu/8120028502456143/
腰刀巷,https://zj.lianjia.com/xiaoqu/8120028502455693/
恒大华府,https://zj.lianjia.com/xiaoqu/8120028649265739/
都市名苑,https://zj.lianjia.com/xiaoqu/8120028460522105/
兆阳皇冠假日花园（东方诚园）,https://zj.lianjia.com/xiaoqu/8120028461570191/
瑞安家园,https://zj.lianjia.com/xiaoqu/8120028706027153/
中南世纪城锦园,https://zj.lianjia.com/xiaoqu/8120036687752746/
仙鹤巷,https://zj.lianjia.com/xiaoqu/8120036081435862/
茅山半岛,https://zj.lianjia.com/xiaoqu/8120027386253324/
东紫园,https://zj.lianjia.com/xiaoqu/8120034217375548/
春江华庭,https://zj.lianjia.com/xiaoqu/8120028465756436/
碧桂园凤凰城翡翠岛C区,https://zj.lianjia.com/xiaoqu/8120035040725844/
亚东朴园北区,https://zj.lianjia.com/xiaoqu/8120028582153228/
余福里,https://zj.lianjia.com/xiaoqu/8120028462618661/
东门坡,https://zj.lianjia.com/xiaoqu/8120028554891129/
卢瓦尔郡,https://zj.lianjia.com/xiaoqu/8120038247286271/
台湾小镇,https://zj.lianjia.com/xiaoqu/8120041914848232/
锦隆花园・御山墅,https://zj.lianjia.com/xiaoqu/8120040218882945/
碧桂园凤凰城翡翠岛D区,https://zj.lianjia.com/xiaoqu/8120040266071801/
都市山水豪庭,https://zj.lianjia.com/xiaoqu/8120028452122962/
解放路19号小区,https://zj.lianjia.com/xiaoqu/8120028504560822/
万科红郡东岸,https://zj.lianjia.com/xiaoqu/8120029793653367/
中山东路,https://zj.lianjia.com/xiaoqu/8120035901069190/
翡翠岛E区,https://zj.lianjia.com/xiaoqu/8120039074853343/
招商北固湾1期,https://zj.lianjia.com/xiaoqu/8120028562228603/
将军巷,https://zj.lianjia.com/xiaoqu/8120043522822602/
汇金半岛溪岸,https://zj.lianjia.com/xiaoqu/8120025037389436/
润景颐和苑,https://zj.lianjia.com/xiaoqu/8120033426227061/
招商・北固湾五期,https://zj.lianjia.com/xiaoqu/8120042566166888/
双井路,https://zj.lianjia.com/xiaoqu/8120055154347708/
解放路209号,https://zj.lianjia.com/xiaoqu/8120054096181810/
可园艺墅,https://zj.lianjia.com/xiaoqu/81000000001427/
翡翠湾,https://zj.lianjia.com/xiaoqu/8120044008372867/
江山名洲六期,https://zj.lianjia.com/xiaoqu/8120044309307761/
融创银城・滴翠园,https://zj.lianjia.com/xiaoqu/8120044614411496/
双井路,https://zj.lianjia.com/xiaoqu/8120055154347708/
可园艺墅,https://zj.lianjia.com/xiaoqu/81000000001427/
招商・北固湾五期,https://zj.lianjia.com/xiaoqu/8120042566166888/
解放路209号,https://zj.lianjia.com/xiaoqu/8120054096181810/
健康路,https://zj.lianjia.com/xiaoqu/8120056836409244/
义台街,https://zj.lianjia.com/xiaoqu/8120038824158937/
仙人湖,https://zj.lianjia.com/xiaoqu/81000000003062/
道署街1号,https://zj.lianjia.com/xiaoqu/8120056232423182/
笪家山,https://zj.lianjia.com/xiaoqu/81000000005775/
拿云山,https://zj.lianjia.com/xiaoqu/8120045865709262/
山门口街21号,https://zj.lianjia.com/xiaoqu/81000000007587/
牌坊巷,https://zj.lianjia.com/xiaoqu/8120039627449473/
水陆寺巷,https://zj.lianjia.com/xiaoqu/8120028503514511/
新城源山,https://zj.lianjia.com/xiaoqu/8120025038437872/
经折巷,https://zj.lianjia.com/xiaoqu/81000000000145/
胜利路,https://zj.lianjia.com/xiaoqu/81000000002665/
康缘养生谷,https://zj.lianjia.com/xiaoqu/8120044889390590/
市政路,https://zj.lianjia.com/xiaoqu/8120060070429932/
富力・天禧院,https://zj.lianjia.com/xiaoqu/8120045638160077/
朱方路204-2号,https://zj.lianjia.com/xiaoqu/81000000003394/
中国边城,https://zj.lianjia.com/xiaoqu/8120034823624262/
碧桂园仙林云墅,https://zj.lianjia.com/xiaoqu/8120033293158661/
鸿信大宅门,https://zj.lianjia.com/xiaoqu/8120038420341212/
苏宁广场,https://zj.lianjia.com/xiaoqu/8120022439949820/
绿竹巷,https://zj.lianjia.com/xiaoqu/81000000000109/
中冶玉翠园,https://zj.lianjia.com/xiaoqu/8120028649262105/
怡海家园,https://zj.lianjia.com/xiaoqu/8120028459474495/
府学新村,https://zj.lianjia.com/xiaoqu/8120028457373364/
筑和江南岸,https://zj.lianjia.com/xiaoqu/8120028649262104/
弥陀寺巷,https://zj.lianjia.com/xiaoqu/8120028475198838/
招商北固湾,https://zj.lianjia.com/xiaoqu/8120028475201275/
紫金七号二期,https://zj.lianjia.com/xiaoqu/81000000000383/
弥陀寺巷,https://zj.lianjia.com/xiaoqu/8120028475198838/
东原亲山,https://zj.lianjia.com/xiaoqu/8120025871122283/
凤凰和润苑,https://zj.lianjia.com/xiaoqu/8120028451075442/
弘阳山卿,https://zj.lianjia.com/xiaoqu/81000000000232/
红豆・云台居,https://zj.lianjia.com/xiaoqu/8120045647603485/
斜桥街,https://zj.lianjia.com/xiaoqu/81000000000082/
青云门,https://zj.lianjia.com/xiaoqu/81000000000080/
中营街,https://zj.lianjia.com/xiaoqu/8120035760468067/
仓巷,https://zj.lianjia.com/xiaoqu/81000000004732/
宝塔巷,https://zj.lianjia.com/xiaoqu/81000000000046/
宋官营,https://zj.lianjia.com/xiaoqu/8120028477299174/
财富广场,https://zj.lianjia.com/xiaoqu/8120036307028789/
如意江南城皇华庭,https://zj.lianjia.com/xiaoqu/8120028466803791/
中海润江府,https://zj.lianjia.com/xiaoqu/8120035837986455/
宝华桃李春风,https://zj.lianjia.com/xiaoqu/8120034918014967/
金科观天下二期,https://zj.lianjia.com/xiaoqu/81000000001112/
紫金7号,https://zj.lianjia.com/xiaoqu/8120051885579424/
输出完毕
